Ensemble_ID,Ensemble_chr,Ensemble_chr_left_idx,Ensemble_chr_right_idx,Ensemble_ref,Ensemble_transcript_strand,HDR_Lflank,HDR_Lflank_short,HDR_Rflank,HDR_Rflank_short,cds,cds_leading_nonTriplet,cds_len,gRNACut_in_cds,gRNACut_in_chr,gRNACut_in_gene,g_en,g_st,g_strand,gc_score,name,offTargets,pam,pos_strand,protospacer,prsp_len,valid,Primer Pair 1 For,Primer Pair 1 Rev,Primer Pair 1 For tm,Primer Pair 1 Rev tm,Primer Pair 1 Prod Size,Primer Pair 2 For,Primer Pair 2 Rev,Primer Pair 2 For tm,Primer Pair 2 Rev tm,Primer Pair 2 Prod Size,Primer Pair 3 For,Primer Pair 3 Rev,Primer Pair 3 For tm,Primer Pair 3 Rev tm,Primer Pair 3 Prod Size
ENST00000252108,11,118359600,118399211,GRCh38,1,CAGACCAGGAGAATAACAACAACATCTCAAGTAACCCCTTTGCTGCTCTT,0,TTTGGCTCCCTGGCTGATGCCAAACAGTTTGCGGCAATCCAAAAAGAGCA,0,1,0,121,53,118365134,5535,62,39,+,0.45,gRNA_+_39_62,[],TGG,True,AACCCCTTTGCTGCTCTTTT,20,True,AGTAACCCCTTTGCTGCTCT,GTACAGTGGAGAGGACAGCG,58.93,59.83,307,CCTTTGCTGCTCTTTTTGGCT,GTACAGTGGAGAGGACAGCG,59.93,59.83,300,TCAAGTAACCCCTTTGCTGCT,GTACAGTGGAGAGGACAGCG,59.86,59.83,310
ENST00000252108,11,118359600,118399211,GRCh38,1,AGGAGAATAACAACAACATCTCAAGTAACCCCTTTGCTGCTCTTTTTGGC,0,TCCCTGGCTGATGCCAAACAGTTTGCGGCAATCCAAAAAGAGCAGCTGAA,0,1,0,121,61,118365142,5541,70,47,+,0.55,gRNA_+_47_70,[],TGG,True,TGCTGCTCTTTTTGGCTCCC,20,True,AGTAACCCCTTTGCTGCTCT,GTACAGTGGAGAGGACAGCG,58.93,59.83,307,CCTTTGCTGCTCTTTTTGGCT,GTACAGTGGAGAGGACAGCG,59.93,59.83,300,TCAAGTAACCCCTTTGCTGCT,GTACAGTGGAGAGGACAGCG,59.86,59.83,310
ENST00000252108,11,118359600,118399211,GRCh38,1,CAAGTAACCCCTTTGCTGCTCTTTTTGGCTCCCTGGCTGATGCCAAACAG,0,TTTGCGGCAATCCAAAAAGAGCAGCTGAAGCAACAATCTGGTAAGTGGAG,0,1,0,121,82,118365163,5562,91,68,+,0.5,gRNA_+_68_91,[],CGG,True,GGCTGATGCCAAACAGTTTG,20,True,TGATGCCAAACAGTTTGCGG,TGGAACCACCTGTTACCTGG,59.97,59.23,301,TGATGCCAAACAGTTTGCGG,GGAACCACCTGTTACCTGGT,59.97,59.23,300,TTTTTGGCTCCCTGGCTGAT,TGGAACCACCTGTTACCTGG,59.89,59.23,317
ENST00000252108,11,118359600,118399211,GRCh38,1,CTGATGCCAAACAGTTTGCGGCAATCCAAAAAGAGCAGCTGAAGCAACAA,0,TCTGGTAAGTGGAGGAGCCAATAGCAGCAAATAAGATGACCTAGAATGGG,0,1,0,121,116,118365197,5598,125,102,+,0.5,gRNA_+_102_125,[],TGG,True,GAGCAGCTGAAGCAACAATC,20,True,TGATGCCAAACAGTTTGCGG,AGCTTTGGGATCACGACTGG,59.97,60.04,333,GCGGCAATCCAAAAAGAGCA,AGCTTTGGGATCACGACTGG,60.04,60.04,317,TGCGGCAATCCAAAAAGAGC,AGCTTTGGGATCACGACTGG,60.04,60.04,318
ENST00000252108,11,118359600,118399211,GRCh38,1,CTCTTTTTGGCTCCCTGGCTGATGCCAAACAGTTTGCGGCAATCCAAAAA,0,GAGCAGCTGAAGCAACAATCTGGTAAGTGGAGGAGCCAATAGCAGCAAAT,0,1,0,121,98,118365179,5580,32,9,-,0.45,gRNA_-_9_32,[],TGG,True,GTTGCTTCAGCTGCTCTTTT,20,True,TGATGCCAAACAGTTTGCGG,TGGAACCACCTGTTACCTGG,59.97,59.23,301,TGATGCCAAACAGTTTGCGG,GGAACCACCTGTTACCTGGT,59.97,59.23,300,TTTTTGGCTCCCTGGCTGAT,TGGAACCACCTGTTACCTGG,59.89,59.23,317
ENST00000252108,11,118359600,118399211,GRCh38,1,TCTCAAGTAACCCCTTTGCTGCTCTTTTTGGCTCCCTGGCTGATGCCAAA,0,CAGTTTGCGGCAATCCAAAAAGAGCAGCTGAAGCAACAATCTGGTAAGTG,0,1,0,121,79,118365160,5559,51,28,-,0.45,gRNA_-_28_51,[],TGG,True,TTGGATTGCCGCAAACTGTT,20,True,TGATGCCAAACAGTTTGCGG,TGGAACCACCTGTTACCTGG,59.97,59.23,301,TGATGCCAAACAGTTTGCGG,GGAACCACCTGTTACCTGGT,59.97,59.23,300,TTTTTGGCTCCCTGGCTGAT,TGGAACCACCTGTTACCTGG,59.89,59.23,317
ENST00000252108,11,118359600,118399211,GRCh38,1,ACAACAACATCTCAAGTAACCCCTTTGCTGCTCTTTTTGGCTCCCTGGCT,0,GATGCCAAACAGTTTGCGGCAATCCAAAAAGAGCAGCTGAAGCAACAATC,0,1,0,121,68,118365149,5550,62,39,-,0.5,gRNA_-_39_62,[],AGG,True,CAAACTGTTTGGCATCAGCC,20,True,AGTAACCCCTTTGCTGCTCT,GTACAGTGGAGAGGACAGCG,58.93,59.83,307,CCTTTGCTGCTCTTTTTGGCT,GTACAGTGGAGAGGACAGCG,59.93,59.83,300,TCAAGTAACCCCTTTGCTGCT,GTACAGTGGAGAGGACAGCG,59.86,59.83,310
ENST00000252108,11,118359600,118399211,GRCh38,1,ATAACAACAACATCTCAAGTAACCCCTTTGCTGCTCTTTTTGGCTCCCTG,0,GCTGATGCCAAACAGTTTGCGGCAATCCAAAAAGAGCAGCTGAAGCAACA,0,1,0,121,67,118365148,5547,63,40,-,0.45,gRNA_-_40_63,[],GGG,True,AAACTGTTTGGCATCAGCCA,20,True,AGTAACCCCTTTGCTGCTCT,GTACAGTGGAGAGGACAGCG,58.93,59.83,307,CCTTTGCTGCTCTTTTTGGCT,GTACAGTGGAGAGGACAGCG,59.93,59.83,300,TCAAGTAACCCCTTTGCTGCT,GTACAGTGGAGAGGACAGCG,59.86,59.83,310
ENST00000252108,11,118359600,118399211,GRCh38,1,GTGAAATGACAGACCAGGAGAATAACAACAACATCTCAAGTAACCCCTTT,0,GCTGCTCTTTTTGGCTCCCTGGCTGATGCCAAACAGTTTGCGGCAATCCA,0,1,0,121,46,118365127,5526,84,61,-,0.5,gRNA_-_61_84,[],AGG,True,GGAGCCAAAAAGAGCAGCAA,20,True,AGCCTCTCCCACTAGGTCTG,ACCCCAATTTCTGCTCTCAACA,60.03,60.16,313,CAGCCTCTCCCACTAGGTCT,ACCCCAATTTCTGCTCTCAACA,60.03,60.16,314,AACAGCCTCTCCCACTAGGT,ACCCCAATTTCTGCTCTCAACA,59.88,60.16,316
ENST00000252108,11,118359600,118399211,GRCh38,1,GTGAAATGACAGACCAGGAGAATAACAACAACATCTCAAGTAACCCCTTT,0,GCTGCTCTTTTTGGCTCCCTGGCTGATGCCAAACAGTTTGCGGCAATCCA,0,1,0,121,45,118365126,5526,85,62,-,0.45,gRNA_-_62_85,[],GGG,True,GAGCCAAAAAGAGCAGCAAA,20,True,AGCCTCTCCCACTAGGTCTG,ACCCCAATTTCTGCTCTCAACA,60.03,60.16,313,CAGCCTCTCCCACTAGGTCT,ACCCCAATTTCTGCTCTCAACA,60.03,60.16,314,AACAGCCTCTCCCACTAGGT,ACCCCAATTTCTGCTCTCAACA,59.88,60.16,316
ENST00000252108,11,118359600,118399211,GRCh38,1,GTGAAATGACAGACCAGGAGAATAACAACAACATCTCAAGTAACCCCTTT,0,GCTGCTCTTTTTGGCTCCCTGGCTGATGCCAAACAGTTTGCGGCAATCCA,0,1,0,121,44,118365125,5526,86,63,-,0.45,gRNA_-_63_86,[],GGG,True,AGCCAAAAAGAGCAGCAAAG,20,True,AGCCTCTCCCACTAGGTCTG,ACCCCAATTTCTGCTCTCAACA,60.03,60.16,313,CAGCCTCTCCCACTAGGTCT,ACCCCAATTTCTGCTCTCAACA,60.03,60.16,314,AACAGCCTCTCCCACTAGGT,ACCCCAATTTCTGCTCTCAACA,59.88,60.16,316
ENST00000252108,11,118359600,118399211,GRCh38,1,CCACTAGGTCTGGATGGAGGATACCTTAAAGTGAAATGACAGACCAGGAG,0,AATAACAACAACATCTCAAGTAACCCCTTTGCTGCTCTTTTTGGCTCCCT,0,1,0,121,14,118365095,5496,116,93,-,0.35,gRNA_-_93_116,[],TGG,True,AGATGTTGTTGTTATTCTCC,20,True,AGCCTCTCCCACTAGGTCTG,ACCCCAATTTCTGCTCTCAACA,60.03,60.16,313,CAGCCTCTCCCACTAGGTCT,ACCCCAATTTCTGCTCTCAACA,60.03,60.16,314,AACAGCCTCTCCCACTAGGT,ACCCCAATTTCTGCTCTCAACA,59.88,60.16,316
ENST00000252108,11,118359600,118399211,GRCh38,1,CATTTAACAGTATACATTTTCTGGCAGATGAACTCCCAGCTAGCCCAGAT,0,GACTCGGATAATAGCGTGTCAGAGAGCCTGGATGAATTCGATTACTCTGT,0,2,2,174,24,118368655,9054,33,10,+,0.6,gRNA_+_10_33,[],CGG,True,CCCAGCTAGCCCAGATGACT,20,True,GATGAACTCCCAGCTAGCCC,CTGAGTTCCAGGGAGTGCAG,59.89,60.04,302,GATGAACTCCCAGCTAGCCC,GAGTTCCAGGGAGTGCAGTG,59.89,60.32,300,ATGAACTCCCAGCTAGCCCA,CTGAGTTCCAGGGAGTGCAG,60.62,60.04,301
ENST00000252108,11,118359600,118399211,GRCh38,1,CAGATGAACTCCCAGCTAGCCCAGATGACTCGGATAATAGCGTGTCAGAG,0,AGCCTGGATGAATTCGATTACTCTGTGGCTGAGATTAGCCGCTCATTCCG,0,2,2,174,48,118368679,9078,57,34,+,0.5,gRNA_+_34_57,[],TGG,True,TAATAGCGTGTCAGAGAGCC,20,True,GATGAACTCCCAGCTAGCCC,CTGAGTTCCAGGGAGTGCAG,59.89,60.04,302,GATGAACTCCCAGCTAGCCC,GAGTTCCAGGGAGTGCAGTG,59.89,60.32,300,ATGAACTCCCAGCTAGCCCA,CTGAGTTCCAGGGAGTGCAG,60.62,60.04,301
ENST00000252108,11,118359600,118399211,GRCh38,1,CAGATGACTCGGATAATAGCGTGTCAGAGAGCCTGGATGAATTCGATTAC,0,TCTGTGGCTGAGATTAGCCGCTCATTCCGATCACAGCAGGAAATATGTGA,0,2,2,174,69,118368700,9099,78,55,+,0.4,gRNA_+_55_78,[],TGG,True,GGATGAATTCGATTACTCTG,20,True,GATGAACTCCCAGCTAGCCC,CTGAGTTCCAGGGAGTGCAG,59.89,60.04,302,GATGAACTCCCAGCTAGCCC,GAGTTCCAGGGAGTGCAGTG,59.89,60.32,300,ATGAACTCCCAGCTAGCCCA,CTGAGTTCCAGGGAGTGCAG,60.62,60.04,301
ENST00000252108,11,118359600,118399211,GRCh38,1,TGGATGAATTCGATTACTCTGTGGCTGAGATTAGCCGCTCATTCCGATCA,0,CAGCAGGAAATATGTGAGCAACTCAACATCAATCACATGATCCAAAGGAT,0,2,2,174,102,118368733,9132,111,88,+,0.6,gRNA_+_88_111,[],AGG,True,CCGCTCATTCCGATCACAGC,20,True,GATGAACTCCCAGCTAGCCC,CTGAGTTCCAGGGAGTGCAG,59.89,60.04,302,GATGAACTCCCAGCTAGCCC,GAGTTCCAGGGAGTGCAGTG,59.89,60.32,300,ATGAACTCCCAGCTAGCCCA,CTGAGTTCCAGGGAGTGCAG,60.62,60.04,301
ENST00000252108,11,118359600,118399211,GRCh38,1,TCCGATCACAGCAGGAAATATGTGAGCAACTCAACATCAATCACATGATC,0,CAAAGGATCTTCCTTATTACTCTGGACAACAGTGAGTTACAAACTTATAG,0,2,2,174,143,118368774,9174,152,129,+,0.35,gRNA_+_129_152,[],AGG,True,ACATCAATCACATGATCCAA,20,True,GATGAACTCCCAGCTAGCCC,CTGAGTTCCAGGGAGTGCAG,59.89,60.04,302,GATGAACTCCCAGCTAGCCC,GAGTTCCAGGGAGTGCAGTG,59.89,60.32,300,ATGAACTCCCAGCTAGCCCA,CTGAGTTCCAGGGAGTGCAG,60.62,60.04,301
ENST00000252108,11,118359600,118399211,GRCh38,1,TATGTGAGCAACTCAACATCAATCACATGATCCAAAGGATCTTCCTTATT,0,ACTCTGGACAACAGTGAGTTACAAACTTATAGCATTATTCTACCCTTCCT,0,2,2,174,162,118368793,9192,171,148,+,0.35,gRNA_+_148_171,[],TGG,True,AAGGATCTTCCTTATTACTC,20,True,GATGAACTCCCAGCTAGCCC,CTGAGTTCCAGGGAGTGCAG,59.89,60.04,302,GATGAACTCCCAGCTAGCCC,GAGTTCCAGGGAGTGCAGTG,59.89,60.32,300,ATGAACTCCCAGCTAGCCCA,CTGAGTTCCAGGGAGTGCAG,60.62,60.04,301