Ensemble_ID,Ensemble_chr,Ensemble_chr_left_idx,Ensemble_chr_right_idx,Ensemble_ref,Ensemble_transcript_strand,HDR_Lflank,HDR_Lflank_short,HDR_Rflank,HDR_Rflank_short,cds,cds_leading_nonTriplet,cds_len,gRNACut_in_cds,gRNACut_in_gene,g_en,g_st,g_strand,gc_score,name,offTargets,pam,pos_strand,protospacer,prsp_len,valid
ENST00000252108,11,118359600,118399211,GRCh38,1,TCTCTTTGTCCCAGTGACCAAACAGATCCCTTTAACCGTAGTCCCCTCAC,0,CATGGACCAGATCCGGCCAAACACAGAACTAAAAGAAAAAATCCAACGGT,0,1,0,127,35,36750,44,21,+,0.55,gRNA_+_21_44,[],TGG,True,TAACCGTAGTCCCCTCACCA,20,True
ENST00000252108,11,118359600,118399211,GRCh38,1,CCCAGTGACCAAACAGATCCCTTTAACCGTAGTCCCCTCACCATGGACCA,0,GATCCGGCCAAACACAGAACTAAAAGAAAAAATCCAACGGTGGCTTGCAG,0,1,0,127,46,36759,55,32,+,0.6,gRNA_+_32_55,[],CGG,True,CCCTCACCATGGACCAGATC,20,True
ENST00000252108,11,118359600,118399211,GRCh38,1,CCCCTCACCATGGACCAGATCCGGCCAAACACAGAACTAAAAGAAAAAAT,0,CCAACGGTGGCTTGCAGAGAGGAAACAACAAAAGGAGCAACTTGAATAGA,0,1,0,127,79,36792,88,65,+,0.2,gRNA_+_65_88,[],CGG,True,AACTAAAAGAAAAAATCCAA,20,True
ENST00000252108,11,118359600,118399211,GRCh38,1,CTCACCATGGACCAGATCCGGCCAAACACAGAACTAAAAGAAAAAATCCA,0,ACGGTGGCTTGCAGAGAGGAAACAACAAAAGGAGCAACTTGAATAGATAC,0,1,0,127,82,36795,91,68,+,0.3,gRNA_+_68_91,[],TGG,True,TAAAAGAAAAAATCCAACGG,20,True
ENST00000252108,11,118359600,118399211,GRCh38,1,CAGATCCGGCCAAACACAGAACTAAAAGAAAAAATCCAACGGTGGCTTGC,0,AGAGAGGAAACAACAAAAGGAGCAACTTGAATAGATACTGTGAACTAACC,0,1,0,127,94,36807,103,80,+,0.6,gRNA_+_80_103,[],AGG,True,TCCAACGGTGGCTTGCAGAG,20,True
ENST00000252108,11,118359600,118399211,GRCh38,1,ACAGAACTAAAAGAAAAAATCCAACGGTGGCTTGCAGAGAGGAAACAACA,0,AAAGGAGCAACTTGAATAGATACTGTGAACTAACCAAACCAAAACCAACC,0,1,0,127,107,36822,116,93,+,0.4,gRNA_+_93_116,[],AGG,True,TGCAGAGAGGAAACAACAAA,20,True
ENST00000252108,11,118359600,118399211,GRCh38,1,ACCATGGACCAGATCCGGCCAAACACAGAACTAAAAGAAAAAATCCAACG,0,GTGGCTTGCAGAGAGGAAACAACAAAAGGAGCAACTTGAATAGATACTGT,0,1,0,127,84,36798,52,29,-,0.6,gRNA_-_29_52,[],TGG,True,TCCTCTCTGCAAGCCACCGT,20,True
ENST00000252108,11,118359600,118399211,GRCh38,1,ACAGATCCCTTTAACCGTAGTCCCCTCACCATGGACCAGATCCGGCCAAA,0,CACAGAACTAAAAGAAAAAATCCAACGGTGGCTTGCAGAGAGGAAACAAC,0,1,0,127,58,36771,78,55,-,0.25,gRNA_-_55_78,[],TGG,True,TTTTCTTTTAGTTCTGTGTT,20,True
ENST00000252108,11,118359600,118399211,GRCh38,1,CAAACAGATCCCTTTAACCGTAGTCCCCTCACCATGGACCAGATCCGGCC,0,AAACACAGAACTAAAAGAAAAAATCCAACGGTGGCTTGCAGAGAGGAAAC,0,1,0,127,54,36768,82,59,-,0.4,gRNA_-_59_82,[],CGG,True,CTTTTAGTTCTGTGTTTGGC,20,True
ENST00000252108,11,118359600,118399211,GRCh38,1,AGTGACCAAACAGATCCCTTTAACCGTAGTCCCCTCACCATGGACCAGAT,0,CCGGCCAAACACAGAACTAAAAGAAAAAATCCAACGGTGGCTTGCAGAGA,0,1,0,127,48,36762,88,65,-,0.55,gRNA_-_65_88,[],TGG,True,GTTCTGTGTTTGGCCGGATC,20,True
ENST00000252108,11,118359600,118399211,GRCh38,1,TGTCCCAGTGACCAAACAGATCCCTTTAACCGTAGTCCCCTCACCATGGA,0,CCAGATCCGGCCAAACACAGAACTAAAAGAAAAAATCCAACGGTGGCTTG,0,1,0,127,41,36756,95,72,-,0.6,gRNA_-_72_95,[],TGG,True,GTTTGGCCGGATCTGGTCCA,20,True
ENST00000252108,11,118359600,118399211,GRCh38,1,TCTCTTTGTCCCAGTGACCAAACAGATCCCTTTAACCGTAGTCCCCTCAC,0,CATGGACCAGATCCGGCCAAACACAGAACTAAAAGAAAAAATCCAACGGT,0,1,0,127,36,36750,100,77,-,0.65,gRNA_-_77_100,[],AGG,True,GCCGGATCTGGTCCATGGTG,20,True
ENST00000252108,11,118359600,118399211,GRCh38,1,TCTCTTTGTCCCAGTGACCAAACAGATCCCTTTAACCGTAGTCCCCTCAC,0,CATGGACCAGATCCGGCCAAACACAGAACTAAAAGAAAAAATCCAACGGT,0,1,0,127,35,36750,101,78,-,0.6,gRNA_-_78_101,[],GGG,True,CCGGATCTGGTCCATGGTGA,20,True
ENST00000252108,11,118359600,118399211,GRCh38,1,TTCTCTCTTTGTCCCAGTGACCAAACAGATCCCTTTAACCGTAGTCCCCT,0,CACCATGGACCAGATCCGGCCAAACACAGAACTAAAAGAAAAAATCCAAC,0,1,0,127,34,36747,102,79,-,0.6,gRNA_-_79_102,[],GGG,True,CGGATCTGGTCCATGGTGAG,20,True
ENST00000252108,11,118359600,118399211,GRCh38,1,TTCCCTTTCTCTCTTTGTCCCAGTGACCAAACAGATCCCTTTAACCGTAG,0,TCCCCTCACCATGGACCAGATCCGGCCAAACACAGAACTAAAAGAAAAAA,0,1,0,127,27,36741,109,86,-,0.6,gRNA_-_86_109,[],CGG,True,GGTCCATGGTGAGGGGACTA,20,True
ENST00000252108,11,118359600,118399211,GRCh38,1,CCCTATTTCCCTTTCTCTCTTTGTCCCAGTGACCAAACAGATCCCTTTAA,0,CCGTAGTCCCCTCACCATGGACCAGATCCGGCCAAACACAGAACTAAAAG,0,1,0,127,20,36735,116,93,-,0.55,gRNA_-_93_116,[],AGG,True,GGTGAGGGGACTACGGTTAA,20,True
ENST00000252108,11,118359600,118399211,GRCh38,1,TAACCCTATTTCCCTTTCTCTCTTTGTCCCAGTGACCAAACAGATCCCTT,0,TAACCGTAGTCCCCTCACCATGGACCAGATCCGGCCAAACACAGAACTAA,0,1,0,127,19,36732,117,94,-,0.5,gRNA_-_94_117,[],GGG,True,GTGAGGGGACTACGGTTAAA,20,True
ENST00000252108,11,118359600,118399211,GRCh38,1,TTATGGAAATAACCCTATTTCCCTTTCTCTCTTTGTCCCAGTGACCAAAC,0,AGATCCCTTTAACCGTAGTCCCCTCACCATGGACCAGATCCGGCCAAACA,0,1,0,127,9,36723,127,104,-,0.4,gRNA_-_104_127,[],TGG,True,TACGGTTAAAGGGATCTGTT,20,True
ENST00000252108,11,118359600,118399211,GRCh38,1,CAGACCAGGAGAATAACAACAACATCTCAAGTAACCCCTTTGCTGCTCTT,0,TTTGGCTCCCTGGCTGATGCCAAACAGTTTGCGGCAATCCAAAAAGAGCA,0,2,0,121,53,5535,62,39,+,0.45,gRNA_+_39_62,[],TGG,True,AACCCCTTTGCTGCTCTTTT,20,True
ENST00000252108,11,118359600,118399211,GRCh38,1,AGGAGAATAACAACAACATCTCAAGTAACCCCTTTGCTGCTCTTTTTGGC,0,TCCCTGGCTGATGCCAAACAGTTTGCGGCAATCCAAAAAGAGCAGCTGAA,0,2,0,121,61,5541,70,47,+,0.55,gRNA_+_47_70,[],TGG,True,TGCTGCTCTTTTTGGCTCCC,20,True
ENST00000252108,11,118359600,118399211,GRCh38,1,CAAGTAACCCCTTTGCTGCTCTTTTTGGCTCCCTGGCTGATGCCAAACAG,0,TTTGCGGCAATCCAAAAAGAGCAGCTGAAGCAACAATCTGGTAAGTGGAG,0,2,0,121,82,5562,91,68,+,0.5,gRNA_+_68_91,[],CGG,True,GGCTGATGCCAAACAGTTTG,20,True
ENST00000252108,11,118359600,118399211,GRCh38,1,CTGATGCCAAACAGTTTGCGGCAATCCAAAAAGAGCAGCTGAAGCAACAA,0,TCTGGTAAGTGGAGGAGCCAATAGCAGCAAATAAGATGACCTAGAATGGG,0,2,0,121,116,5598,125,102,+,0.5,gRNA_+_102_125,[],TGG,True,GAGCAGCTGAAGCAACAATC,20,True
ENST00000252108,11,118359600,118399211,GRCh38,1,CTCTTTTTGGCTCCCTGGCTGATGCCAAACAGTTTGCGGCAATCCAAAAA,0,GAGCAGCTGAAGCAACAATCTGGTAAGTGGAGGAGCCAATAGCAGCAAAT,0,2,0,121,98,5580,32,9,-,0.45,gRNA_-_9_32,[],TGG,True,GTTGCTTCAGCTGCTCTTTT,20,True
ENST00000252108,11,118359600,118399211,GRCh38,1,TCTCAAGTAACCCCTTTGCTGCTCTTTTTGGCTCCCTGGCTGATGCCAAA,0,CAGTTTGCGGCAATCCAAAAAGAGCAGCTGAAGCAACAATCTGGTAAGTG,0,2,0,121,79,5559,51,28,-,0.45,gRNA_-_28_51,[],TGG,True,TTGGATTGCCGCAAACTGTT,20,True
ENST00000252108,11,118359600,118399211,GRCh38,1,ACAACAACATCTCAAGTAACCCCTTTGCTGCTCTTTTTGGCTCCCTGGCT,0,GATGCCAAACAGTTTGCGGCAATCCAAAAAGAGCAGCTGAAGCAACAATC,0,2,0,121,68,5550,62,39,-,0.5,gRNA_-_39_62,[],AGG,True,CAAACTGTTTGGCATCAGCC,20,True
ENST00000252108,11,118359600,118399211,GRCh38,1,ATAACAACAACATCTCAAGTAACCCCTTTGCTGCTCTTTTTGGCTCCCTG,0,GCTGATGCCAAACAGTTTGCGGCAATCCAAAAAGAGCAGCTGAAGCAACA,0,2,0,121,67,5547,63,40,-,0.45,gRNA_-_40_63,[],GGG,True,AAACTGTTTGGCATCAGCCA,20,True
ENST00000252108,11,118359600,118399211,GRCh38,1,GTGAAATGACAGACCAGGAGAATAACAACAACATCTCAAGTAACCCCTTT,0,GCTGCTCTTTTTGGCTCCCTGGCTGATGCCAAACAGTTTGCGGCAATCCA,0,2,0,121,46,5526,84,61,-,0.5,gRNA_-_61_84,[],AGG,True,GGAGCCAAAAAGAGCAGCAA,20,True
ENST00000252108,11,118359600,118399211,GRCh38,1,GTGAAATGACAGACCAGGAGAATAACAACAACATCTCAAGTAACCCCTTT,0,GCTGCTCTTTTTGGCTCCCTGGCTGATGCCAAACAGTTTGCGGCAATCCA,0,2,0,121,45,5526,85,62,-,0.45,gRNA_-_62_85,[],GGG,True,GAGCCAAAAAGAGCAGCAAA,20,True
ENST00000252108,11,118359600,118399211,GRCh38,1,GTGAAATGACAGACCAGGAGAATAACAACAACATCTCAAGTAACCCCTTT,0,GCTGCTCTTTTTGGCTCCCTGGCTGATGCCAAACAGTTTGCGGCAATCCA,0,2,0,121,44,5526,86,63,-,0.45,gRNA_-_63_86,[],GGG,True,AGCCAAAAAGAGCAGCAAAG,20,True
ENST00000252108,11,118359600,118399211,GRCh38,1,CCACTAGGTCTGGATGGAGGATACCTTAAAGTGAAATGACAGACCAGGAG,0,AATAACAACAACATCTCAAGTAACCCCTTTGCTGCTCTTTTTGGCTCCCT,0,2,0,121,14,5496,116,93,-,0.35,gRNA_-_93_116,[],TGG,True,AGATGTTGTTGTTATTCTCC,20,True
ENST00000252108,11,118359600,118399211,GRCh38,1,CATTTAACAGTATACATTTTCTGGCAGATGAACTCCCAGCTAGCCCAGAT,0,GACTCGGATAATAGCGTGTCAGAGAGCCTGGATGAATTCGATTACTCTGT,0,3,2,174,24,9054,33,10,+,0.6,gRNA_+_10_33,[],CGG,True,CCCAGCTAGCCCAGATGACT,20,True
ENST00000252108,11,118359600,118399211,GRCh38,1,CAGATGAACTCCCAGCTAGCCCAGATGACTCGGATAATAGCGTGTCAGAG,0,AGCCTGGATGAATTCGATTACTCTGTGGCTGAGATTAGCCGCTCATTCCG,0,3,2,174,48,9078,57,34,+,0.5,gRNA_+_34_57,[],TGG,True,TAATAGCGTGTCAGAGAGCC,20,True
ENST00000252108,11,118359600,118399211,GRCh38,1,CAGATGACTCGGATAATAGCGTGTCAGAGAGCCTGGATGAATTCGATTAC,0,TCTGTGGCTGAGATTAGCCGCTCATTCCGATCACAGCAGGAAATATGTGA,0,3,2,174,69,9099,78,55,+,0.4,gRNA_+_55_78,[],TGG,True,GGATGAATTCGATTACTCTG,20,True
ENST00000252108,11,118359600,118399211,GRCh38,1,TGGATGAATTCGATTACTCTGTGGCTGAGATTAGCCGCTCATTCCGATCA,0,CAGCAGGAAATATGTGAGCAACTCAACATCAATCACATGATCCAAAGGAT,0,3,2,174,102,9132,111,88,+,0.6,gRNA_+_88_111,[],AGG,True,CCGCTCATTCCGATCACAGC,20,True
ENST00000252108,11,118359600,118399211,GRCh38,1,TCCGATCACAGCAGGAAATATGTGAGCAACTCAACATCAATCACATGATC,0,CAAAGGATCTTCCTTATTACTCTGGACAACAGTGAGTTACAAACTTATAG,0,3,2,174,143,9174,152,129,+,0.35,gRNA_+_129_152,[],AGG,True,ACATCAATCACATGATCCAA,20,True
ENST00000252108,11,118359600,118399211,GRCh38,1,TATGTGAGCAACTCAACATCAATCACATGATCCAAAGGATCTTCCTTATT,0,ACTCTGGACAACAGTGAGTTACAAACTTATAGCATTATTCTACCCTTCCT,0,3,2,174,162,9192,171,148,+,0.35,gRNA_+_148_171,[],TGG,True,AAGGATCTTCCTTATTACTC,20,True
ENST00000252108,11,118359600,118399211,GRCh38,1,TATGTGAGCAACTCAACATCAATCACATGATCCAAAGGATCTTCCTTATT,0,ACTCTGGACAACAGTGAGTTACAAACTTATAGCATTATTCTACCCTTCCT,0,3,2,174,160,9192,23,0,-,0.4,gRNA_-_0_23,[],AGG,True,CACTGTTGTCCAGAGTAATA,20,True
ENST00000252108,11,118359600,118399211,GRCh38,1,CACAGCAGGAAATATGTGAGCAACTCAACATCAATCACATGATCCAAAGG,0,ATCTTCCTTATTACTCTGGACAACAGTGAGTTACAAACTTATAGCATTAT,0,3,2,174,148,9180,35,12,-,0.35,gRNA_-_12_35,[],TGG,True,GAGTAATAAGGAAGATCCTT,20,True
ENST00000252108,11,118359600,118399211,GRCh38,1,TGGATGAATTCGATTACTCTGTGGCTGAGATTAGCCGCTCATTCCGATCA,0,CAGCAGGAAATATGTGAGCAACTCAACATCAATCACATGATCCAAAGGAT,0,3,2,174,100,9132,83,60,-,0.4,gRNA_-_60_83,[],CGG,True,CACATATTTCCTGCTGTGAT,20,True
ENST00000252108,11,118359600,118399211,GRCh38,1,CAGAGAGCCTGGATGAATTCGATTACTCTGTGGCTGAGATTAGCCGCTCA,0,TTCCGATCACAGCAGGAAATATGTGAGCAACTCAACATCAATCACATGAT,0,3,2,174,91,9123,92,69,-,0.55,gRNA_-_69_92,[],CGG,True,CCTGCTGTGATCGGAATGAG,20,True
ENST00000252108,11,118359600,118399211,GRCh38,1,TCCCAGCTAGCCCAGATGACTCGGATAATAGCGTGTCAGAGAGCCTGGAT,0,GAATTCGATTACTCTGTGGCTGAGATTAGCCGCTCATTCCGATCACAGCA,0,3,2,174,55,9087,128,105,-,0.4,gRNA_-_105_128,[],AGG,True,CAGAGTAATCGAATTCATCC,20,True
ENST00000252108,11,118359600,118399211,GRCh38,1,CATTTAACAGTATACATTTTCTGGCAGATGAACTCCCAGCTAGCCCAGAT,0,GACTCGGATAATAGCGTGTCAGAGAGCCTGGATGAATTCGATTACTCTGT,0,3,2,174,23,9054,160,137,-,0.45,gRNA_-_137_160,[],TGG,True,ACGCTATTATCCGAGTCATC,20,True
ENST00000252108,11,118359600,118399211,GRCh38,1,CATTTAACAGTATACATTTTCTGGCAGATGAACTCCCAGCTAGCCCAGAT,0,GACTCGGATAATAGCGTGTCAGAGAGCCTGGATGAATTCGATTACTCTGT,0,3,2,174,22,9054,161,138,-,0.45,gRNA_-_138_161,[],GGG,True,CGCTATTATCCGAGTCATCT,20,True
ENST00000252108,11,118359600,118399211,GRCh38,1,GGGGTGTAACATTTAACAGTATACATTTTCTGGCAGATGAACTCCCAGCT,0,AGCCCAGATGACTCGGATAATAGCGTGTCAGAGAGCCTGGATGAATTCGA,0,3,2,174,14,9045,169,146,-,0.6,gRNA_-_146_169,[],TGG,True,TCCGAGTCATCTGGGCTAGC,20,True
ENST00000252108,11,118359600,118399211,GRCh38,1,GGGGTGTAACATTTAACAGTATACATTTTCTGGCAGATGAACTCCCAGCT,0,AGCCCAGATGACTCGGATAATAGCGTGTCAGAGAGCCTGGATGAATTCGA,0,3,2,174,13,9045,170,147,-,0.6,gRNA_-_147_170,[],GGG,True,CCGAGTCATCTGGGCTAGCT,20,True
ENST00000252108,11,118359600,118399211,GRCh38,1,TCCTTAACCTATCATATTAAAACCATTTCCCAGGTGATCCCAGCTTGAAA,0,AGCGGGAATGGCATCCCTAGCCGTTGTGTGTATTTGGAAGAAATGGCAGT,0,4,2,113,16,9840,25,2,+,0.5,gRNA_+_2_25,[],CGG,True,GGTGATCCCAGCTTGAAAAG,20,True
ENST00000252108,11,118359600,118399211,GRCh38,1,TCCTTAACCTATCATATTAAAACCATTTCCCAGGTGATCCCAGCTTGAAA,0,AGCGGGAATGGCATCCCTAGCCGTTGTGTGTATTTGGAAGAAATGGCAGT,0,4,2,113,17,9840,26,3,+,0.5,gRNA_+_3_26,[],GGG,True,GTGATCCCAGCTTGAAAAGC,20,True
ENST00000252108,11,118359600,118399211,GRCh38,1,ACCTATCATATTAAAACCATTTCCCAGGTGATCCCAGCTTGAAAAGCGGG,0,AATGGCATCCCTAGCCGTTGTGTGTATTTGGAAGAAATGGCAGTAGAGCT,0,4,2,113,22,9846,31,8,+,0.55,gRNA_+_8_31,[],TGG,True,CCCAGCTTGAAAAGCGGGAA,20,True
ENST00000252108,11,118359600,118399211,GRCh38,1,CAGGTGATCCCAGCTTGAAAAGCGGGAATGGCATCCCTAGCCGTTGTGTG,0,TATTTGGAAGAAATGGCAGTAGAGCTAGAAGATCAAGACTGGCTTGATAT,0,4,2,113,48,9870,57,34,+,0.5,gRNA_+_34_57,[],TGG,True,CCCTAGCCGTTGTGTGTATT,20,True
ENST00000252108,11,118359600,118399211,GRCh38,1,CCAGCTTGAAAAGCGGGAATGGCATCCCTAGCCGTTGTGTGTATTTGGAA,0,GAAATGGCAGTAGAGCTAGAAGATCAAGACTGGCTTGATATGAGCAATGT,0,4,2,113,57,9879,66,43,+,0.3,gRNA_+_43_66,[],TGG,True,TTGTGTGTATTTGGAAGAAA,20,True
ENST00000252108,11,118359600,118399211,GRCh38,1,CTAGCCGTTGTGTGTATTTGGAAGAAATGGCAGTAGAGCTAGAAGATCAA,0,GACTGGCTTGATATGAGCAATGTTGAGCAGGTAATATTCTTACGTTCCTA,0,4,2,113,83,9906,92,69,+,0.4,gRNA_+_69_92,[],TGG,True,TAGAGCTAGAAGATCAAGAC,20,True
ENST00000252108,11,118359600,118399211,GRCh38,1,AAATGGCAGTAGAGCTAGAAGATCAAGACTGGCTTGATATGAGCAATGTT,0,GAGCAGGTAATATTCTTACGTTCCTAATGTGTGCCCTTAGCAAAAATTAG,0,4,2,113,108,9930,117,94,+,0.4,gRNA_+_94_117,[],AGG,True,TGATATGAGCAATGTTGAGC,20,True
ENST00000252108,11,118359600,118399211,GRCh38,1,TCCCAGGTGATCCCAGCTTGAAAAGCGGGAATGGCATCCCTAGCCGTTGT,0,GTGTATTTGGAAGAAATGGCAGTAGAGCTAGAAGATCAAGACTGGCTTGA,0,4,2,113,43,9867,79,56,-,0.3,gRNA_-_56_79,[],CGG,True,TTTCTTCCAAATACACACAA,20,True
ENST00000252108,11,118359600,118399211,GRCh38,1,ACCATTTCCCAGGTGATCCCAGCTTGAAAAGCGGGAATGGCATCCCTAGC,0,CGTTGTGTGTATTTGGAAGAAATGGCAGTAGAGCTAGAAGATCAAGACTG,0,4,2,113,38,9861,84,61,-,0.45,gRNA_-_61_84,[],AGG,True,TCCAAATACACACAACGGCT,20,True
ENST00000252108,11,118359600,118399211,GRCh38,1,ACCATTTCCCAGGTGATCCCAGCTTGAAAAGCGGGAATGGCATCCCTAGC,0,CGTTGTGTGTATTTGGAAGAAATGGCAGTAGAGCTAGAAGATCAAGACTG,0,4,2,113,37,9861,85,62,-,0.45,gRNA_-_62_85,[],GGG,True,CCAAATACACACAACGGCTA,20,True
ENST00000252108,11,118359600,118399211,GRCh38,1,GCATTATCCTTAACCTATCATATTAAAACCATTTCCCAGGTGATCCCAGC,0,TTGAAAAGCGGGAATGGCATCCCTAGCCGTTGTGTGTATTTGGAAGAAAT,0,4,2,113,12,9834,110,87,-,0.55,gRNA_-_87_110,[],TGG,True,GCCATTCCCGCTTTTCAAGC,20,True
ENST00000252108,11,118359600,118399211,GRCh38,1,GCATTATCCTTAACCTATCATATTAAAACCATTTCCCAGGTGATCCCAGC,0,TTGAAAAGCGGGAATGGCATCCCTAGCCGTTGTGTGTATTTGGAAGAAAT,0,4,2,113,11,9834,111,88,-,0.5,gRNA_-_88_111,[],GGG,True,CCATTCCCGCTTTTCAAGCT,20,True
ENST00000252108,11,118359600,118399211,GRCh38,1,TTGTTTGGTTTTCTTTATAGGCCCTCTTCGCTCGCTTATTACTTCAAGAT,0,CCAGGCAACCACTTAATTAACATGACTTCTTCTACAACGCTAAATCTCTC,0,5,0,153,29,11944,38,15,+,0.4,gRNA_+_15_38,[],AGG,True,CGCTTATTACTTCAAGATCC,20,True
ENST00000252108,11,118359600,118399211,GRCh38,1,TAATTAACATGACTTCTTCTACAACGCTAAATCTCTCTGCTGATCGAGAT,0,GCAGGAGAGAGGCACATTTTTTGTTACCTTTACTCCTGCTTCCAGAGAGC,0,5,0,153,92,12007,101,78,+,0.55,gRNA_+_78_101,[],AGG,True,CTCTCTGCTGATCGAGATGC,20,True
ENST00000252108,11,118359600,118399211,GRCh38,1,ACATGACTTCTTCTACAACGCTAAATCTCTCTGCTGATCGAGATGCAGGA,0,GAGAGGCACATTTTTTGTTACCTTTACTCCTGCTTCCAGAGAGCCAAGGA,0,5,0,153,99,12013,108,85,+,0.55,gRNA_+_85_108,[],AGG,True,CTGATCGAGATGCAGGAGAG,20,True
ENST00000252108,11,118359600,118399211,GRCh38,1,ATGCAGGAGAGAGGCACATTTTTTGTTACCTTTACTCCTGCTTCCAGAGA,0,GCCAAGGAAGAGGTAAAGGAATAATCCCCATTGAATACTGTATTGTCCTC,0,5,0,153,142,12055,151,128,+,0.6,gRNA_+_128_151,[],AGG,True,CTCCTGCTTCCAGAGAGCCA,20,True
ENST00000252108,11,118359600,118399211,GRCh38,1,GAGAGAGGCACATTTTTTGTTACCTTTACTCCTGCTTCCAGAGAGCCAAG,0,GAAGAGGTAAAGGAATAATCCCCATTGAATACTGTATTGTCCTCTTGGGT,0,5,0,153,148,12061,157,134,+,0.55,gRNA_+_134_157,[],AGG,True,CTTCCAGAGAGCCAAGGAAG,20,True
ENST00000252108,11,118359600,118399211,GRCh38,1,CTGATCGAGATGCAGGAGAGAGGCACATTTTTTGTTACCTTTACTCCTGC,0,TTCCAGAGAGCCAAGGAAGAGGTAAAGGAATAATCCCCATTGAATACTGT,0,5,0,153,133,12046,29,6,-,0.55,gRNA_-_6_29,[],AGG,True,TTCCTTGGCTCTCTGGAAGC,20,True
ENST00000252108,11,118359600,118399211,GRCh38,1,TCTCTGCTGATCGAGATGCAGGAGAGAGGCACATTTTTTGTTACCTTTAC,0,TCCTGCTTCCAGAGAGCCAAGGAAGAGGTAAAGGAATAATCCCCATTGAA,0,5,0,153,125,12040,37,14,-,0.5,gRNA_-_14_37,[],AGG,True,CTCTCTGGAAGCAGGAGTAA,20,True
ENST00000252108,11,118359600,118399211,GRCh38,1,TATAGGCCCTCTTCGCTCGCTTATTACTTCAAGATCCAGGCAACCACTTA,0,ATTAACATGACTTCTTCTACAACGCTAAATCTCTCTGCTGATCGAGATGC,0,5,0,153,44,11959,118,95,-,0.25,gRNA_-_95_118,[],TGG,True,AAGAAGTCATGTTAATTAAG,20,True
ENST00000252108,11,118359600,118399211,GRCh38,1,GGTTTTCTTTATAGGCCCTCTTCGCTCGCTTATTACTTCAAGATCCAGGC,0,AACCACTTAATTAACATGACTTCTTCTACAACGCTAAATCTCTCTGCTGA,0,5,0,153,36,11950,126,103,-,0.35,gRNA_-_103_126,[],TGG,True,ATGTTAATTAAGTGGTTGCC,20,True
ENST00000252108,11,118359600,118399211,GRCh38,1,TTTTGCAATAGTTTAGTATTTTTGTTTGGTTTTCTTTATAGGCCCTCTTC,0,GCTCGCTTATTACTTCAAGATCCAGGCAACCACTTAATTAACATGACTTC,0,5,0,153,8,11923,154,131,-,0.45,gRNA_-_131_154,[],AGG,True,GAAGTAATAAGCGAGCGAAG,20,True
ENST00000252108,11,118359600,118399211,GRCh38,1,TAATTTTGCAATAGTTTAGTATTTTTGTTTGGTTTTCTTTATAGGCCCTC,0,TTCGCTCGCTTATTACTTCAAGATCCAGGCAACCACTTAATTAACATGAC,0,5,0,153,7,11920,155,132,-,0.4,gRNA_-_132_155,[],GGG,True,AAGTAATAAGCGAGCGAAGA,20,True
ENST00000252108,11,118359600,118399211,GRCh38,1,GAACAGTTCTTCTCACCCCAGAGATCTATGTTGACCAAAACATCCATGAG,0,CAACTGGTAGATTTGATGTTAGAAGCCATCCAGGGAGCCCGTGAGTACAT,0,6,0,160,121,13027,130,107,+,0.45,gRNA_+_107_130,[],TGG,True,CCAAAACATCCATGAGCAAC,20,True
ENST00000252108,11,118359600,118399211,GRCh38,1,ATGTTGACCAAAACATCCATGAGCAACTGGTAGATTTGATGTTAGAAGCC,0,ATCCAGGGAGCCCGTGAGTACATGAACAAGATCTGTAAGCTTCTACATTT,0,6,0,160,148,13054,157,134,+,0.4,gRNA_+_134_157,[],AGG,True,TTTGATGTTAGAAGCCATCC,20,True
ENST00000252108,11,118359600,118399211,GRCh38,1,TTGACCAAAACATCCATGAGCAACTGGTAGATTTGATGTTAGAAGCCATC,0,CAGGGAGCCCGTGAGTACATGAACAAGATCTGTAAGCTTCTACATTTTGA,0,6,0,160,149,13057,158,135,+,0.4,gRNA_+_135_158,[],GGG,True,TTGATGTTAGAAGCCATCCA,20,True
ENST00000252108,11,118359600,118399211,GRCh38,1,GAACAGTTCTTCTCACCCCAGAGATCTATGTTGACCAAAACATCCATGAG,0,CAACTGGTAGATTTGATGTTAGAAGCCATCCAGGGAGCCCGTGAGTACAT,0,6,0,160,119,13027,50,27,-,0.4,gRNA_-_27_50,[],TGG,True,TCAAATCTACCAGTTGCTCA,20,True
ENST00000252108,11,118359600,118399211,GRCh38,1,CCAATACCCGAACAGTTCTTCTCACCCCAGAGATCTATGTTGACCAAAAC,0,ATCCATGAGCAACTGGTAGATTTGATGTTAGAAGCCATCCAGGGAGCCCG,0,6,0,160,110,13018,59,36,-,0.45,gRNA_-_36_59,[],TGG,True,CCAGTTGCTCATGGATGTTT,20,True
ENST00000252108,11,118359600,118399211,GRCh38,1,GCAGAAACCTCACTGTGTCCAATACCCGAACAGTTCTTCTCACCCCAGAG,0,ATCTATGTTGACCAAAACATCCATGAGCAACTGGTAGATTTGATGTTAGA,0,6,0,160,93,13000,76,53,-,0.35,gRNA_-_53_76,[],TGG,True,TTTTGGTCAACATAGATCTC,20,True
ENST00000252108,11,118359600,118399211,GRCh38,1,GCAGAAACCTCACTGTGTCCAATACCCGAACAGTTCTTCTCACCCCAGAG,0,ATCTATGTTGACCAAAACATCCATGAGCAACTGGTAGATTTGATGTTAGA,0,6,0,160,92,13000,77,54,-,0.35,gRNA_-_54_77,[],GGG,True,TTTGGTCAACATAGATCTCT,20,True
ENST00000252108,11,118359600,118399211,GRCh38,1,AGTGCAGAAACCTCACTGTGTCCAATACCCGAACAGTTCTTCTCACCCCA,0,GAGATCTATGTTGACCAAAACATCCATGAGCAACTGGTAGATTTGATGTT,0,6,0,160,91,12997,78,55,-,0.4,gRNA_-_55_78,[],GGG,True,TTGGTCAACATAGATCTCTG,20,True
ENST00000252108,11,118359600,118399211,GRCh38,1,TACCCTTTGCAGTGCAGTGCAGAAACCTCACTGTGTCCAATACCCGAACA,0,GTTCTTCTCACCCCAGAGATCTATGTTGACCAAAACATCCATGAGCAACT,0,6,0,160,74,12982,95,72,-,0.5,gRNA_-_72_95,[],CGG,True,CTGGGGTGAGAAGAACTGTT,20,True
ENST00000252108,11,118359600,118399211,GRCh38,1,TGCTACCCTTTGCAGTGCAGTGCAGAAACCTCACTGTGTCCAATACCCGA,0,ACAGTTCTTCTCACCCCAGAGATCTATGTTGACCAAAACATCCATGAGCA,0,6,0,160,73,12979,96,73,-,0.5,gRNA_-_73_96,[],GGG,True,TGGGGTGAGAAGAACTGTTC,20,True
ENST00000252108,11,118359600,118399211,GRCh38,1,AGAACCTGCTACCCTTTGCAGTGCAGTGCAGAAACCTCACTGTGTCCAAT,0,ACCCGAACAGTTCTTCTCACCCCAGAGATCTATGTTGACCAAAACATCCA,0,6,0,160,67,12973,102,79,-,0.45,gRNA_-_79_102,[],TGG,True,GAGAAGAACTGTTCGGGTAT,20,True
ENST00000252108,11,118359600,118399211,GRCh38,1,AAGTTCCAGAGAACCTGCTACCCTTTGCAGTGCAGTGCAGAAACCTCACT,0,GTGTCCAATACCCGAACAGTTCTTCTCACCCCAGAGATCTATGTTGACCA,0,6,0,160,56,12964,113,90,-,0.5,gRNA_-_90_113,[],AGG,True,TTCGGGTATTGGACACAGTG,20,True
ENST00000252108,11,118359600,118399211,GRCh38,1,CTTCATGCTGTTTGCAGATTACCAAAGTTCCAGAGAACCTGCTACCCTTT,0,GCAGTGCAGTGCAGAAACCTCACTGTGTCCAATACCCGAACAGTTCTTCT,0,6,0,160,34,12940,135,112,-,0.5,gRNA_-_112_135,[],AGG,True,GTTTCTGCACTGCACTGCAA,20,True
ENST00000252108,11,118359600,118399211,GRCh38,1,CTTCATGCTGTTTGCAGATTACCAAAGTTCCAGAGAACCTGCTACCCTTT,0,GCAGTGCAGTGCAGAAACCTCACTGTGTCCAATACCCGAACAGTTCTTCT,0,6,0,160,33,12940,136,113,-,0.45,gRNA_-_113_136,[],GGG,True,TTTCTGCACTGCACTGCAAA,20,True
ENST00000252108,11,118359600,118399211,GRCh38,1,TCTTTTCTTCATGCTGTTTGCAGATTACCAAAGTTCCAGAGAACCTGCTA,0,CCCTTTGCAGTGCAGTGCAGAAACCTCACTGTGTCCAATACCCGAACAGT,0,6,0,160,26,12934,143,120,-,0.55,gRNA_-_120_143,[],AGG,True,ACTGCACTGCAAAGGGTAGC,20,True
ENST00000252108,11,118359600,118399211,GRCh38,1,ACTATTCCCTCTTTTCTTCATGCTGTTTGCAGATTACCAAAGTTCCAGAG,0,AACCTGCTACCCTTTGCAGTGCAGTGCAGAAACCTCACTGTGTCCAATAC,0,6,0,160,18,12925,151,128,-,0.55,gRNA_-_128_151,[],TGG,True,GCAAAGGGTAGCAGGTTCTC,20,True
ENST00000252108,11,118359600,118399211,GRCh38,1,CAGAGTTAGACTATTCCCTCTTTTCTTCATGCTGTTTGCAGATTACCAAA,0,GTTCCAGAGAACCTGCTACCCTTTGCAGTGCAGTGCAGAAACCTCACTGT,0,6,0,160,10,12916,159,136,-,0.45,gRNA_-_136_159,[],TGG,True,TAGCAGGTTCTCTGGAACTT,20,True
ENST00000252108,11,118359600,118399211,GRCh38,1,CTCCTTTCTCTCTCATTTGTCTTCTGTTAGATTTTGAAGATGTAACTGAG,0,TTTCTGGAAGAGGTCATTGAAGCCTTGATATTGGATGAGGAAGTTAGAAC,0,7,2,203,21,13506,30,7,+,0.35,gRNA_+_7_30,[],TGG,True,TGAAGATGTAACTGAGTTTC,20,True
ENST00000252108,11,118359600,118399211,GRCh38,1,TCTCTCTCATTTGTCTTCTGTTAGATTTTGAAGATGTAACTGAGTTTCTG,0,GAAGAGGTCATTGAAGCCTTGATATTGGATGAGGAAGTTAGAACATTTCC,0,7,2,203,27,13512,36,13,+,0.4,gRNA_+_13_36,[],AGG,True,TGTAACTGAGTTTCTGGAAG,20,True
ENST00000252108,11,118359600,118399211,GRCh38,1,TAGATTTTGAAGATGTAACTGAGTTTCTGGAAGAGGTCATTGAAGCCTTG,0,ATATTGGATGAGGAAGTTAGAACATTTCCAGAAGTCATGATTCCAGTGTT,0,7,2,203,48,13533,57,34,+,0.4,gRNA_+_34_57,[],TGG,True,GGTCATTGAAGCCTTGATAT,20,True
ENST00000252108,11,118359600,118399211,GRCh38,1,TTGAAGATGTAACTGAGTTTCTGGAAGAGGTCATTGAAGCCTTGATATTG,0,GATGAGGAAGTTAGAACATTTCCAGAAGTCATGATTCCAGTGTTTGATAT,0,7,2,203,54,13539,63,40,+,0.4,gRNA_+_40_63,[],AGG,True,TGAAGCCTTGATATTGGATG,20,True
ENST00000252108,11,118359600,118399211,GRCh38,1,ATGAGGAAGTTAGAACATTTCCAGAAGTCATGATTCCAGTGTTTGATATT,0,TTATTGGGCCGAATAAAAGATCTAGAGCTCTGTCAGATCCTTTTGTATGC,0,7,2,203,105,13590,114,91,+,0.25,gRNA_+_91_114,[],TGG,True,TCCAGTGTTTGATATTTTAT,20,True
ENST00000252108,11,118359600,118399211,GRCh38,1,AGGAAGTTAGAACATTTCCAGAAGTCATGATTCCAGTGTTTGATATTTTA,0,TTGGGCCGAATAAAAGATCTAGAGCTCTGTCAGATCCTTTTGTATGCATA,0,7,2,203,106,13593,115,92,+,0.25,gRNA_+_92_115,[],GGG,True,CCAGTGTTTGATATTTTATT,20,True
ENST00000252108,11,118359600,118399211,GRCh38,1,TATTGGGCCGAATAAAAGATCTAGAGCTCTGTCAGATCCTTTTGTATGCA,0,TATCTGGATATTCTTCTCTATTTCACTAGGCAAAAAGATATGGCAAAGGT,0,7,2,203,156,13641,165,142,+,0.35,gRNA_+_142_165,[],TGG,True,GATCCTTTTGTATGCATATC,20,True
ENST00000252108,11,118359600,118399211,GRCh38,1,AGCTCTGTCAGATCCTTTTGTATGCATATCTGGATATTCTTCTCTATTTC,0,ACTAGGCAAAAAGATATGGCAAAGGTAGGTCTGAAAGATGATATGTATTC,0,7,2,203,179,13665,188,165,+,0.25,gRNA_+_165_188,[],AGG,True,ATATTCTTCTCTATTTCACT,20,True
ENST00000252108,11,118359600,118399211,GRCh38,1,TCCTTTTGTATGCATATCTGGATATTCTTCTCTATTTCACTAGGCAAAAA,0,GATATGGCAAAGGTAGGTCTGAAAGATGATATGTATTCAGTTGAGCTAGA,0,7,2,203,192,13677,201,178,+,0.3,gRNA_+_178_201,[],TGG,True,TTTCACTAGGCAAAAAGATA,20,True
ENST00000252108,11,118359600,118399211,GRCh38,1,TGTATGCATATCTGGATATTCTTCTCTATTTCACTAGGCAAAAAGATATG,0,GCAAAGGTAGGTCTGAAAGATGATATGTATTCAGTTGAGCTAGATGTGTA,0,7,2,203,198,13683,207,184,+,0.35,gRNA_+_184_207,[],AGG,True,TAGGCAAAAAGATATGGCAA,20,True
ENST00000252108,11,118359600,118399211,GRCh38,1,ATATTTTATTGGGCCGAATAAAAGATCTAGAGCTCTGTCAGATCCTTTTG,0,TATGCATATCTGGATATTCTTCTCTATTTCACTAGGCAAAAAGATATGGC,0,7,2,203,148,13635,64,41,-,0.3,gRNA_-_41_64,[],AGG,True,TATCCAGATATGCATACAAA,20,True
ENST00000252108,11,118359600,118399211,GRCh38,1,CATTTCCAGAAGTCATGATTCCAGTGTTTGATATTTTATTGGGCCGAATA,0,AAAGATCTAGAGCTCTGTCAGATCCTTTTGTATGCATATCTGGATATTCT,0,7,2,203,118,13605,94,71,-,0.3,gRNA_-_71_94,[],CGG,True,AGAGCTCTAGATCTTTTATT,20,True
ENST00000252108,11,118359600,118399211,GRCh38,1,TGATATTGGATGAGGAAGTTAGAACATTTCCAGAAGTCATGATTCCAGTG,0,TTTGATATTTTATTGGGCCGAATAAAAGATCTAGAGCTCTGTCAGATCCT,0,7,2,203,95,13581,117,94,-,0.3,gRNA_-_94_117,[],TGG,True,CCCAATAAAATATCAAACAC,20,True
ENST00000252108,11,118359600,118399211,GRCh38,1,AGGTCATTGAAGCCTTGATATTGGATGAGGAAGTTAGAACATTTCCAGAA,0,GTCATGATTCCAGTGTTTGATATTTTATTGGGCCGAATAAAAGATCTAGA,0,7,2,203,80,13566,132,109,-,0.4,gRNA_-_109_132,[],TGG,True,AACACTGGAATCATGACTTC,20,True
ENST00000252108,11,118359600,118399211,GRCh38,1,TAGATTTTGAAGATGTAACTGAGTTTCTGGAAGAGGTCATTGAAGCCTTG,0,ATATTGGATGAGGAAGTTAGAACATTTCCAGAAGTCATGATTCCAGTGTT,0,7,2,203,48,13533,164,141,-,0.35,gRNA_-_141_164,[],AGG,True,AACTTCCTCATCCAATATCA,20,True
ENST00000252108,11,118359600,118399211,GRCh38,1,GAATAAGCAGAACTTGTCTTCTCTTACAGGTTTTTGTAGAATACATTCAG,0,CCCAAGGACCCTACCAATGGGCAAATGTACCAGAAGACCTTGCTGGGAGT,0,8,0,192,22,13915,31,8,+,0.4,gRNA_+_8_31,[],AGG,True,TGTAGAATACATTCAGCCCA,20,True
ENST00000252108,11,118359600,118399211,GRCh38,1,GTCTTCTCTTACAGGTTTTTGTAGAATACATTCAGCCCAAGGACCCTACC,0,AATGGGCAAATGTACCAGAAGACCTTGCTGGGAGTAATTCTGAGTATCTC,0,8,0,192,35,13930,44,21,+,0.6,gRNA_+_21_44,[],TGG,True,CAGCCCAAGGACCCTACCAA,20,True
ENST00000252108,11,118359600,118399211,GRCh38,1,GTCTTCTCTTACAGGTTTTTGTAGAATACATTCAGCCCAAGGACCCTACC,0,AATGGGCAAATGTACCAGAAGACCTTGCTGGGAGTAATTCTGAGTATCTC,0,8,0,192,36,13930,45,22,+,0.55,gRNA_+_22_45,[],GGG,True,AGCCCAAGGACCCTACCAAT,20,True
ENST00000252108,11,118359600,118399211,GRCh38,1,AATACATTCAGCCCAAGGACCCTACCAATGGGCAAATGTACCAGAAGACC,0,TTGCTGGGAGTAATTCTGAGTATCTCCTGCTTATTAAAGACTCCGGGTGT,0,8,0,192,61,13954,70,47,+,0.45,gRNA_+_47_70,[],TGG,True,AATGTACCAGAAGACCTTGC,20,True
ENST00000252108,11,118359600,118399211,GRCh38,1,ACATTCAGCCCAAGGACCCTACCAATGGGCAAATGTACCAGAAGACCTTG,0,CTGGGAGTAATTCTGAGTATCTCCTGCTTATTAAAGACTCCGGGTGTTGT,0,8,0,192,62,13957,71,48,+,0.45,gRNA_+_48_71,[],GGG,True,ATGTACCAGAAGACCTTGCT,20,True
ENST00000252108,11,118359600,118399211,GRCh38,1,ACCAGAAGACCTTGCTGGGAGTAATTCTGAGTATCTCCTGCTTATTAAAG,0,ACTCCGGGTGTTGTAGAAAATCATGGCTACTTTTTGAATCCATCTCGTTC,0,8,0,192,100,13993,109,86,+,0.4,gRNA_+_86_109,[],CGG,True,CTCCTGCTTATTAAAGACTC,20,True
ENST00000252108,11,118359600,118399211,GRCh38,1,AGAAGACCTTGCTGGGAGTAATTCTGAGTATCTCCTGCTTATTAAAGACT,0,CCGGGTGTTGTAGAAAATCATGGCTACTTTTTGAATCCATCTCGTTCCAG,0,8,0,192,101,13996,110,87,+,0.4,gRNA_+_87_110,[],GGG,True,TCCTGCTTATTAAAGACTCC,20,True
ENST00000252108,11,118359600,118399211,GRCh38,1,TAATTCTGAGTATCTCCTGCTTATTAAAGACTCCGGGTGTTGTAGAAAAT,0,CATGGCTACTTTTTGAATCCATCTCGTTCCAGCCCCCAGGAGATCAAAGT,0,8,0,192,119,14014,128,105,+,0.45,gRNA_+_105_128,[],TGG,True,CCGGGTGTTGTAGAAAATCA,20,True
ENST00000252108,11,118359600,118399211,GRCh38,1,CGGGTGTTGTAGAAAATCATGGCTACTTTTTGAATCCATCTCGTTCCAGC,0,CCCCAGGAGATCAAAGTACAGGAGGCCAACATCCATCAGGTGGAACTGTT,0,8,0,192,154,14047,163,140,+,0.65,gRNA_+_140_163,[],AGG,True,TCCATCTCGTTCCAGCCCCC,20,True
ENST00000252108,11,118359600,118399211,GRCh38,1,ATCATGGCTACTTTTTGAATCCATCTCGTTCCAGCCCCCAGGAGATCAAA,0,GTACAGGAGGCCAACATCCATCAGGTGGAACTGTTTACCAGGGTATCCCA,0,8,0,192,169,14062,178,155,+,0.55,gRNA_+_155_178,[],AGG,True,CCCCCAGGAGATCAAAGTAC,20,True
ENST00000252108,11,118359600,118399211,GRCh38,1,ATGGCTACTTTTTGAATCCATCTCGTTCCAGCCCCCAGGAGATCAAAGTA,0,CAGGAGGCCAACATCCATCAGGTGGAACTGTTTACCAGGGTATCCCAGCC,0,8,0,192,172,14065,181,158,+,0.5,gRNA_+_158_181,[],AGG,True,CCAGGAGATCAAAGTACAGG,20,True
ENST00000252108,11,118359600,118399211,GRCh38,1,ATCCATCTCGTTCCAGCCCCCAGGAGATCAAAGTACAGGAGGCCAACATC,0,CATCAGGTGGAACTGTTTACCAGGGTATCCCAGCCCCCTGATCTTAAAAG,0,8,0,192,187,14080,196,173,+,0.55,gRNA_+_173_196,[],AGG,True,ACAGGAGGCCAACATCCATC,20,True
ENST00000252108,11,118359600,118399211,GRCh38,1,TAGAAAATCATGGCTACTTTTTGAATCCATCTCGTTCCAGCCCCCAGGAG,0,ATCAAAGTACAGGAGGCCAACATCCATCAGGTGGAACTGTTTACCAGGGT,0,8,0,192,161,14056,40,17,-,0.5,gRNA_-_17_40,[],TGG,True,CCTCCTGTACTTTGATCTCC,20,True
ENST00000252108,11,118359600,118399211,GRCh38,1,TTGTAGAAAATCATGGCTACTTTTTGAATCCATCTCGTTCCAGCCCCCAG,0,GAGATCAAAGTACAGGAGGCCAACATCCATCAGGTGGAACTGTTTACCAG,0,8,0,192,160,14053,41,18,-,0.45,gRNA_-_18_41,[],GGG,True,CTCCTGTACTTTGATCTCCT,20,True
ENST00000252108,11,118359600,118399211,GRCh38,1,TTGTAGAAAATCATGGCTACTTTTTGAATCCATCTCGTTCCAGCCCCCAG,0,GAGATCAAAGTACAGGAGGCCAACATCCATCAGGTGGAACTGTTTACCAG,0,8,0,192,159,14053,42,19,-,0.45,gRNA_-_19_42,[],GGG,True,TCCTGTACTTTGATCTCCTG,20,True
ENST00000252108,11,118359600,118399211,GRCh38,1,TTGTAGAAAATCATGGCTACTTTTTGAATCCATCTCGTTCCAGCCCCCAG,0,GAGATCAAAGTACAGGAGGCCAACATCCATCAGGTGGAACTGTTTACCAG,0,8,0,192,158,14053,43,20,-,0.5,gRNA_-_20_43,[],GGG,True,CCTGTACTTTGATCTCCTGG,20,True
ENST00000252108,11,118359600,118399211,GRCh38,1,CGGGTGTTGTAGAAAATCATGGCTACTTTTTGAATCCATCTCGTTCCAGC,0,CCCCAGGAGATCAAAGTACAGGAGGCCAACATCCATCAGGTGGAACTGTT,0,8,0,192,154,14047,47,24,-,0.55,gRNA_-_24_47,[],TGG,True,TACTTTGATCTCCTGGGGGC,20,True
ENST00000252108,11,118359600,118399211,GRCh38,1,TAAAGACTCCGGGTGTTGTAGAAAATCATGGCTACTTTTTGAATCCATCT,0,CGTTCCAGCCCCCAGGAGATCAAAGTACAGGAGGCCAACATCCATCAGGT,0,8,0,192,144,14038,57,34,-,0.65,gRNA_-_34_57,[],TGG,True,TCCTGGGGGCTGGAACGAGA,20,True
ENST00000252108,11,118359600,118399211,GRCh38,1,CCTTGCTGGGAGTAATTCTGAGTATCTCCTGCTTATTAAAGACTCCGGGT,0,GTTGTAGAAAATCATGGCTACTTTTTGAATCCATCTCGTTCCAGCCCCCA,0,8,0,192,108,14002,93,70,-,0.4,gRNA_-_70_93,[],CGG,True,CCATGATTTTCTACAACACC,20,True
ENST00000252108,11,118359600,118399211,GRCh38,1,GGCAAATGTACCAGAAGACCTTGCTGGGAGTAATTCTGAGTATCTCCTGC,0,TTATTAAAGACTCCGGGTGTTGTAGAAAATCATGGCTACTTTTTGAATCC,0,8,0,192,91,13984,110,87,-,0.45,gRNA_-_87_110,[],AGG,True,ACCCGGAGTCTTTAATAAGC,20,True
ENST00000252108,11,118359600,118399211,GRCh38,1,ACATTCAGCCCAAGGACCCTACCAATGGGCAAATGTACCAGAAGACCTTG,0,CTGGGAGTAATTCTGAGTATCTCCTGCTTATTAAAGACTCCGGGTGTTGT,0,8,0,192,64,13957,137,114,-,0.45,gRNA_-_114_137,[],AGG,True,ACTCAGAATTACTCCCAGCA,20,True
ENST00000252108,11,118359600,118399211,GRCh38,1,TAGAATACATTCAGCCCAAGGACCCTACCAATGGGCAAATGTACCAGAAG,0,ACCTTGCTGGGAGTAATTCTGAGTATCTCCTGCTTATTAAAGACTCCGGG,0,8,0,192,56,13951,145,122,-,0.5,gRNA_-_122_145,[],TGG,True,TTACTCCCAGCAAGGTCTTC,20,True
ENST00000252108,11,118359600,118399211,GRCh38,1,TTCTCTTACAGGTTTTTGTAGAATACATTCAGCCCAAGGACCCTACCAAT,0,GGGCAAATGTACCAGAAGACCTTGCTGGGAGTAATTCTGAGTATCTCCTG,0,8,0,192,40,13933,161,138,-,0.45,gRNA_-_138_161,[],TGG,True,CTTCTGGTACATTTGCCCAT,20,True
ENST00000252108,11,118359600,118399211,GRCh38,1,GTCTTCTCTTACAGGTTTTTGTAGAATACATTCAGCCCAAGGACCCTACC,0,AATGGGCAAATGTACCAGAAGACCTTGCTGGGAGTAATTCTGAGTATCTC,0,8,0,192,36,13930,165,142,-,0.45,gRNA_-_142_165,[],AGG,True,TGGTACATTTGCCCATTGGT,20,True
ENST00000252108,11,118359600,118399211,GRCh38,1,GTCTTCTCTTACAGGTTTTTGTAGAATACATTCAGCCCAAGGACCCTACC,0,AATGGGCAAATGTACCAGAAGACCTTGCTGGGAGTAATTCTGAGTATCTC,0,8,0,192,35,13930,166,143,-,0.45,gRNA_-_143_166,[],GGG,True,GGTACATTTGCCCATTGGTA,20,True
ENST00000252108,11,118359600,118399211,GRCh38,1,GCAGAACTTGTCTTCTCTTACAGGTTTTTGTAGAATACATTCAGCCCAAG,0,GACCCTACCAATGGGCAAATGTACCAGAAGACCTTGCTGGGAGTAATTCT,0,8,0,192,28,13921,173,150,-,0.55,gRNA_-_150_173,[],TGG,True,TTGCCCATTGGTAGGGTCCT,20,True
ENST00000252108,11,118359600,118399211,GRCh38,1,GCAGAACTTGTCTTCTCTTACAGGTTTTTGTAGAATACATTCAGCCCAAG,0,GACCCTACCAATGGGCAAATGTACCAGAAGACCTTGCTGGGAGTAATTCT,0,8,0,192,27,13921,174,151,-,0.55,gRNA_-_151_174,[],GGG,True,TGCCCATTGGTAGGGTCCTT,20,True
ENST00000252108,11,118359600,118399211,GRCh38,1,TGCTGAAGAACTTACTCCAGCTCTCTCCAGAAACCAAACACTGTATCTTG,0,TCCTGGCTTGGAAACTGTTTGCATGCAAATGCAGGCCGCACCAAGATTTG,0,9,0,334,84,15380,93,70,+,0.45,gRNA_+_70_93,[],TGG,True,CCAAACACTGTATCTTGTCC,20,True
ENST00000252108,11,118359600,118399211,GRCh38,1,AGAACTTACTCCAGCTCTCTCCAGAAACCAAACACTGTATCTTGTCCTGG,0,CTTGGAAACTGTTTGCATGCAAATGCAGGCCGCACCAAGATTTGGGCCAA,0,9,0,334,89,15386,98,75,+,0.5,gRNA_+_75_98,[],TGG,True,CACTGTATCTTGTCCTGGCT,20,True
ENST00000252108,11,118359600,118399211,GRCh38,1,AAACCAAACACTGTATCTTGTCCTGGCTTGGAAACTGTTTGCATGCAAAT,0,GCAGGCCGCACCAAGATTTGGGCCAATCAGATGCCAGAAATCTTTTTCCA,0,9,0,334,113,15410,122,99,+,0.4,gRNA_+_99_122,[],AGG,True,AACTGTTTGCATGCAAATGC,20,True
ENST00000252108,11,118359600,118399211,GRCh38,1,TCTTGTCCTGGCTTGGAAACTGTTTGCATGCAAATGCAGGCCGCACCAAG,0,ATTTGGGCCAATCAGATGCCAGAAATCTTTTTCCAAATGTATGCCTCAGA,0,9,0,334,129,15425,138,115,+,0.55,gRNA_+_115_138,[],TGG,True,ATGCAGGCCGCACCAAGATT,20,True
ENST00000252108,11,118359600,118399211,GRCh38,1,TCTTGTCCTGGCTTGGAAACTGTTTGCATGCAAATGCAGGCCGCACCAAG,0,ATTTGGGCCAATCAGATGCCAGAAATCTTTTTCCAAATGTATGCCTCAGA,0,9,0,334,130,15425,139,116,+,0.55,gRNA_+_116_139,[],GGG,True,TGCAGGCCGCACCAAGATTT,20,True
ENST00000252108,11,118359600,118399211,GRCh38,1,AGATGCCAGAAATCTTTTTCCAAATGTATGCCTCAGATGCTTTCTTTCTG,0,AATCTGGGTGCTGCTCTCCTGAAGCTATGCCAGCCATTTTGCAAACCCAG,0,9,0,334,193,15488,202,179,+,0.35,gRNA_+_179_202,[],TGG,True,AGATGCTTTCTTTCTGAATC,20,True
ENST00000252108,11,118359600,118399211,GRCh38,1,TGCCAGAAATCTTTTTCCAAATGTATGCCTCAGATGCTTTCTTTCTGAAT,0,CTGGGTGCTGCTCTCCTGAAGCTATGCCAGCCATTTTGCAAACCCAGATC,0,9,0,334,194,15491,203,180,+,0.35,gRNA_+_180_203,[],GGG,True,GATGCTTTCTTTCTGAATCT,20,True
ENST00000252108,11,118359600,118399211,GRCh38,1,TGGGTGCTGCTCTCCTGAAGCTATGCCAGCCATTTTGCAAACCCAGATCC,0,TCTCGGCTCCTCACCTTTAATCCCACATACTGTGCCCTCAAGGAGTTGAA,0,9,0,334,246,15542,255,232,+,0.45,gRNA_+_232_255,[],CGG,True,TTTGCAAACCCAGATCCTCT,20,True
ENST00000252108,11,118359600,118399211,GRCh38,1,GCAAACCCAGATCCTCTCGGCTCCTCACCTTTAATCCCACATACTGTGCC,0,CTCAAGGAGTTGAATGATGAAGAACGAAAAATTAAAAATGTACACATGAG,0,9,0,334,283,15578,292,269,+,0.55,gRNA_+_269_292,[],AGG,True,TCCCACATACTGTGCCCTCA,20,True
ENST00000252108,11,118359600,118399211,GRCh38,1,CCCTCAAGGAGTTGAATGATGAAGAACGAAAAATTAAAAATGTACACATG,0,AGAGGTAGGAGAGAACCAGGCTTCTCAAAACTGTGTGTGTGTGTGTGTGT,0,9,0,334,329,15626,338,315,+,0.25,gRNA_+_315_338,[],AGG,True,ATTAAAAATGTACACATGAG,20,True
ENST00000252108,11,118359600,118399211,GRCh38,1,CCAGATCCTCTCGGCTCCTCACCTTTAATCCCACATACTGTGCCCTCAAG,0,GAGTTGAATGATGAAGAACGAAAAATTAAAAATGTACACATGAGAGGTAG,0,9,0,334,287,15584,56,33,-,0.4,gRNA_-_33_56,[],AGG,True,CTTCATCATTCAACTCCTTG,20,True
ENST00000252108,11,118359600,118399211,GRCh38,1,AACCCAGATCCTCTCGGCTCCTCACCTTTAATCCCACATACTGTGCCCTC,0,AAGGAGTTGAATGATGAAGAACGAAAAATTAAAAATGTACACATGAGAGG,0,9,0,334,286,15581,57,34,-,0.35,gRNA_-_34_57,[],GGG,True,TTCATCATTCAACTCCTTGA,20,True
ENST00000252108,11,118359600,118399211,GRCh38,1,AGCCATTTTGCAAACCCAGATCCTCTCGGCTCCTCACCTTTAATCCCACA,0,TACTGTGCCCTCAAGGAGTTGAATGATGAAGAACGAAAAATTAAAAATGT,0,9,0,334,274,15569,69,46,-,0.55,gRNA_-_46_69,[],TGG,True,CTCCTTGAGGGCACAGTATG,20,True
ENST00000252108,11,118359600,118399211,GRCh38,1,AGCCATTTTGCAAACCCAGATCCTCTCGGCTCCTCACCTTTAATCCCACA,0,TACTGTGCCCTCAAGGAGTTGAATGATGAAGAACGAAAAATTAAAAATGT,0,9,0,334,273,15569,70,47,-,0.5,gRNA_-_47_70,[],GGG,True,TCCTTGAGGGCACAGTATGT,20,True
ENST00000252108,11,118359600,118399211,GRCh38,1,AGCTATGCCAGCCATTTTGCAAACCCAGATCCTCTCGGCTCCTCACCTTT,0,AATCCCACATACTGTGCCCTCAAGGAGTTGAATGATGAAGAACGAAAAAT,0,9,0,334,265,15560,78,55,-,0.45,gRNA_-_55_78,[],AGG,True,GGCACAGTATGTGGGATTAA,20,True
ENST00000252108,11,118359600,118399211,GRCh38,1,TGAAGCTATGCCAGCCATTTTGCAAACCCAGATCCTCTCGGCTCCTCACC,0,TTTAATCCCACATACTGTGCCCTCAAGGAGTTGAATGATGAAGAACGAAA,0,9,0,334,260,15557,83,60,-,0.4,gRNA_-_60_83,[],AGG,True,AGTATGTGGGATTAAAGGTG,20,True
ENST00000252108,11,118359600,118399211,GRCh38,1,GTGCTGCTCTCCTGAAGCTATGCCAGCCATTTTGCAAACCCAGATCCTCT,0,CGGCTCCTCACCTTTAATCCCACATACTGTGCCCTCAAGGAGTTGAATGA,0,9,0,334,250,15545,93,70,-,0.5,gRNA_-_70_93,[],AGG,True,ATTAAAGGTGAGGAGCCGAG,20,True
ENST00000252108,11,118359600,118399211,GRCh38,1,ATCTGGGTGCTGCTCTCCTGAAGCTATGCCAGCCATTTTGCAAACCCAGA,0,TCCTCTCGGCTCCTCACCTTTAATCCCACATACTGTGCCCTCAAGGAGTT,0,9,0,334,244,15539,99,76,-,0.65,gRNA_-_76_99,[],TGG,True,GGTGAGGAGCCGAGAGGATC,20,True
ENST00000252108,11,118359600,118399211,GRCh38,1,ATCTGGGTGCTGCTCTCCTGAAGCTATGCCAGCCATTTTGCAAACCCAGA,0,TCCTCTCGGCTCCTCACCTTTAATCCCACATACTGTGCCCTCAAGGAGTT,0,9,0,334,243,15539,100,77,-,0.6,gRNA_-_77_100,[],GGG,True,GTGAGGAGCCGAGAGGATCT,20,True
ENST00000252108,11,118359600,118399211,GRCh38,1,CTTTCTTTCTGAATCTGGGTGCTGCTCTCCTGAAGCTATGCCAGCCATTT,0,TGCAAACCCAGATCCTCTCGGCTCCTCACCTTTAATCCCACATACTGTGC,0,9,0,334,231,15527,112,89,-,0.45,gRNA_-_89_112,[],TGG,True,GAGGATCTGGGTTTGCAAAA,20,True
ENST00000252108,11,118359600,118399211,GRCh38,1,ATGCTTTCTTTCTGAATCTGGGTGCTGCTCTCCTGAAGCTATGCCAGCCA,0,TTTTGCAAACCCAGATCCTCTCGGCTCCTCACCTTTAATCCCACATACTG,0,9,0,334,227,15524,116,93,-,0.45,gRNA_-_93_116,[],TGG,True,ATCTGGGTTTGCAAAATGGC,20,True
ENST00000252108,11,118359600,118399211,GRCh38,1,TGTATGCCTCAGATGCTTTCTTTCTGAATCTGGGTGCTGCTCTCCTGAAG,0,CTATGCCAGCCATTTTGCAAACCCAGATCCTCTCGGCTCCTCACCTTTAA,0,9,0,334,215,15512,128,105,-,0.45,gRNA_-_105_128,[],AGG,True,AAAATGGCTGGCATAGCTTC,20,True
ENST00000252108,11,118359600,118399211,GRCh38,1,AGATTTGGGCCAATCAGATGCCAGAAATCTTTTTCCAAATGTATGCCTCA,0,GATGCTTTCTTTCTGAATCTGGGTGCTGCTCTCCTGAAGCTATGCCAGCC,0,9,0,334,178,15473,165,142,-,0.35,gRNA_-_142_165,[],AGG,True,ATTCAGAAAGAAAGCATCTG,20,True
ENST00000252108,11,118359600,118399211,GRCh38,1,GCCGCACCAAGATTTGGGCCAATCAGATGCCAGAAATCTTTTTCCAAATG,0,TATGCCTCAGATGCTTTCTTTCTGAATCTGGGTGCTGCTCTCCTGAAGCT,0,9,0,334,167,15464,176,153,-,0.4,gRNA_-_153_176,[],TGG,True,AAGCATCTGAGGCATACATT,20,True
ENST00000252108,11,118359600,118399211,GRCh38,1,TGCATGCAAATGCAGGCCGCACCAAGATTTGGGCCAATCAGATGCCAGAA,0,ATCTTTTTCCAAATGTATGCCTCAGATGCTTTCTTTCTGAATCTGGGTGC,0,9,0,334,153,15449,190,167,-,0.25,gRNA_-_167_190,[],TGG,True,TACATTTGGAAAAAGATTTC,20,True
ENST00000252108,11,118359600,118399211,GRCh38,1,TTGGAAACTGTTTGCATGCAAATGCAGGCCGCACCAAGATTTGGGCCAAT,0,CAGATGCCAGAAATCTTTTTCCAAATGTATGCCTCAGATGCTTTCTTTCT,0,9,0,334,142,15437,201,178,-,0.35,gRNA_-_178_201,[],TGG,True,AAAGATTTCTGGCATCTGAT,20,True
ENST00000252108,11,118359600,118399211,GRCh38,1,TCTTGTCCTGGCTTGGAAACTGTTTGCATGCAAATGCAGGCCGCACCAAG,0,ATTTGGGCCAATCAGATGCCAGAAATCTTTTTCCAAATGTATGCCTCAGA,0,9,0,334,130,15425,213,190,-,0.45,gRNA_-_190_213,[],TGG,True,CATCTGATTGGCCCAAATCT,20,True
ENST00000252108,11,118359600,118399211,GRCh38,1,GTATCTTGTCCTGGCTTGGAAACTGTTTGCATGCAAATGCAGGCCGCACC,0,AAGATTTGGGCCAATCAGATGCCAGAAATCTTTTTCCAAATGTATGCCTC,0,9,0,334,125,15422,218,195,-,0.5,gRNA_-_195_218,[],CGG,True,GATTGGCCCAAATCTTGGTG,20,True
ENST00000252108,11,118359600,118399211,GRCh38,1,AGAACTTACTCCAGCTCTCTCCAGAAACCAAACACTGTATCTTGTCCTGG,0,CTTGGAAACTGTTTGCATGCAAATGCAGGCCGCACCAAGATTTGGGCCAA,0,9,0,334,91,15386,252,229,-,0.45,gRNA_-_229_252,[],AGG,True,ATGCAAACAGTTTCCAAGCC,20,True
ENST00000252108,11,118359600,118399211,GRCh38,1,AGATCTACCAGATGCTGAAGAACTTACTCCAGCTCTCTCCAGAAACCAAA,0,CACTGTATCTTGTCCTGGCTTGGAAACTGTTTGCATGCAAATGCAGGCCG,0,9,0,334,73,15368,270,247,-,0.45,gRNA_-_247_270,[],TGG,True,CCAGGACAAGATACAGTGTT,20,True
ENST00000252108,11,118359600,118399211,GRCh38,1,ACGAAAAGATCTACCAGATGCTGAAGAACTTACTCCAGCTCTCTCCAGAA,0,ACCAAACACTGTATCTTGTCCTGGCTTGGAAACTGTTTGCATGCAAATGC,0,9,0,334,66,15362,277,254,-,0.35,gRNA_-_254_277,[],TGG,True,AAGATACAGTGTTTGGTTTC,20,True
ENST00000252108,11,118359600,118399211,GRCh38,1,CTCAGTTCCACGAAAAGATCTACCAGATGCTGAAGAACTTACTCCAGCTC,0,TCTCCAGAAACCAAACACTGTATCTTGTCCTGGCTTGGAAACTGTTTGCA,0,9,0,334,56,15353,287,264,-,0.5,gRNA_-_264_287,[],TGG,True,GTTTGGTTTCTGGAGAGAGC,20,True
ENST00000252108,11,118359600,118399211,GRCh38,1,TTCTGGTTGAACAGTTCATGGCTCAGTTCCACGAAAAGATCTACCAGATG,0,CTGAAGAACTTACTCCAGCTCTCTCCAGAAACCAAACACTGTATCTTGTC,0,9,0,334,35,15332,308,285,-,0.45,gRNA_-_285_308,[],TGG,True,GGAGTAAGTTCTTCAGCATC,20,True
ENST00000252108,11,118359600,118399211,GRCh38,1,TTCTGTGGTTGTGTTTTCTGGTTGAACAGTTCATGGCTCAGTTCCACGAA,0,AAGATCTACCAGATGCTGAAGAACTTACTCCAGCTCTCTCCAGAAACCAA,0,9,0,334,20,15317,323,300,-,0.45,gRNA_-_300_323,[],TGG,True,GCATCTGGTAGATCTTTTCG,20,True
ENST00000252108,11,118359600,118399211,GRCh38,1,TTTTTTAACTTCTTTGAGGTTTGGACAAAGAAACCTGTTTGATCCCAGCT,0,GTGCAGGAGCCGAAGTTTCCACAGAACTACAACCTTGTAACAGAGAACCT,0,10,2,121,33,17006,42,19,+,0.55,gRNA_+_19_42,[],AGG,True,CTGTTTGATCCCAGCTGTGC,20,True
ENST00000252108,11,118359600,118399211,GRCh38,1,AGAACTACAACCTTGTAACAGAGAACCTTGCTCTGACAGAGTACACCTTG,0,TACTTGGGATTTCACAGGTAACTCCTCTGATGTCATTAGGAAAAAACAGT,0,10,2,121,105,17078,114,91,+,0.45,gRNA_+_91_114,[],TGG,True,GACAGAGTACACCTTGTACT,20,True
ENST00000252108,11,118359600,118399211,GRCh38,1,ACTACAACCTTGTAACAGAGAACCTTGCTCTGACAGAGTACACCTTGTAC,0,TTGGGATTTCACAGGTAACTCCTCTGATGTCATTAGGAAAAAACAGTTTA,0,10,2,121,106,17081,115,92,+,0.4,gRNA_+_92_115,[],GGG,True,ACAGAGTACACCTTGTACTT,20,True
ENST00000252108,11,118359600,118399211,GRCh38,1,TTGTAACAGAGAACCTTGCTCTGACAGAGTACACCTTGTACTTGGGATTT,0,CACAGGTAACTCCTCTGATGTCATTAGGAAAAAACAGTTTAGTTGTGTTG,0,10,2,121,116,17090,125,102,+,0.45,gRNA_+_102_125,[],AGG,True,CCTTGTACTTGGGATTTCAC,20,True
ENST00000252108,11,118359600,118399211,GRCh38,1,AGAACTACAACCTTGTAACAGAGAACCTTGCTCTGACAGAGTACACCTTG,0,TACTTGGGATTTCACAGGTAACTCCTCTGATGTCATTAGGAAAAAACAGT,0,10,2,121,105,17078,25,2,-,0.45,gRNA_-_2_25,[],AGG,True,CCTGTGAAATCCCAAGTACA,20,True
ENST00000252108,11,118359600,118399211,GRCh38,1,AGGAGCCGAAGTTTCCACAGAACTACAACCTTGTAACAGAGAACCTTGCT,0,CTGACAGAGTACACCTTGTACTTGGGATTTCACAGGTAACTCCTCTGATG,0,10,2,121,85,17060,45,22,-,0.5,gRNA_-_22_45,[],AGG,True,AGGTGTACTCTGTCAGAGCA,20,True
ENST00000252108,11,118359600,118399211,GRCh38,1,TGATCCCAGCTGTGCAGGAGCCGAAGTTTCCACAGAACTACAACCTTGTA,0,ACAGAGAACCTTGCTCTGACAGAGTACACCTTGTACTTGGGATTTCACAG,0,10,2,121,70,17045,60,37,-,0.45,gRNA_-_37_60,[],AGG,True,GAGCAAGGTTCTCTGTTACA,20,True
ENST00000252108,11,118359600,118399211,GRCh38,1,ACAAAGAAACCTGTTTGATCCCAGCTGTGCAGGAGCCGAAGTTTCCACAG,0,AACTACAACCTTGTAACAGAGAACCTTGCTCTGACAGAGTACACCTTGTA,0,10,2,121,56,17030,74,51,-,0.4,gRNA_-_51_74,[],TGG,True,GTTACAAGGTTGTAGTTCTG,20,True
ENST00000252108,11,118359600,118399211,GRCh38,1,GAGGTTTGGACAAAGAAACCTGTTTGATCCCAGCTGTGCAGGAGCCGAAG,0,TTTCCACAGAACTACAACCTTGTAACAGAGAACCTTGCTCTGACAGAGTA,0,10,2,121,47,17021,83,60,-,0.35,gRNA_-_60_83,[],CGG,True,TTGTAGTTCTGTGGAAACTT,20,True
ENST00000252108,11,118359600,118399211,GRCh38,1,TTTTTTAACTTCTTTGAGGTTTGGACAAAGAAACCTGTTTGATCCCAGCT,0,GTGCAGGAGCCGAAGTTTCCACAGAACTACAACCTTGTAACAGAGAACCT,0,10,2,121,32,17006,98,75,-,0.6,gRNA_-_75_98,[],TGG,True,AACTTCGGCTCCTGCACAGC,20,True
ENST00000252108,11,118359600,118399211,GRCh38,1,TTTTTTAACTTCTTTGAGGTTTGGACAAAGAAACCTGTTTGATCCCAGCT,0,GTGCAGGAGCCGAAGTTTCCACAGAACTACAACCTTGTAACAGAGAACCT,0,10,2,121,31,17006,99,76,-,0.6,gRNA_-_76_99,[],GGG,True,ACTTCGGCTCCTGCACAGCT,20,True
ENST00000252108,11,118359600,118399211,GRCh38,1,ACCCTCTTTTTTTTTTTTAACTTCTTTGAGGTTTGGACAAAGAAACCTGT,0,TTGATCCCAGCTGTGCAGGAGCCGAAGTTTCCACAGAACTACAACCTTGT,0,10,2,121,21,16994,109,86,-,0.55,gRNA_-_86_109,[],AGG,True,CTGCACAGCTGGGATCAAAC,20,True
ENST00000252108,11,118359600,118399211,GRCh38,1,TTCTTGGGGGCAGGTTGCATGATCAGATGGTAAAAATCAACCAAAATCTG,0,CATCGGCTGCAGGTTGCCTGGCGGGATGCTCAGCAAAGTTCTAGCCCTGC,0,11,1,305,37,19883,46,23,+,0.3,gRNA_+_23_46,[],CGG,True,AAATCAACCAAAATCTGCAT,20,True
ENST00000252108,11,118359600,118399211,GRCh38,1,GGGGCAGGTTGCATGATCAGATGGTAAAAATCAACCAAAATCTGCATCGG,0,CTGCAGGTTGCCTGGCGGGATGCTCAGCAAAGTTCTAGCCCTGCTGCTGA,0,11,1,305,44,19889,53,30,+,0.55,gRNA_+_30_53,[],AGG,True,CCAAAATCTGCATCGGCTGC,20,True
ENST00000252108,11,118359600,118399211,GRCh38,1,TGCATGATCAGATGGTAAAAATCAACCAAAATCTGCATCGGCTGCAGGTT,0,GCCTGGCGGGATGCTCAGCAAAGTTCTAGCCCTGCTGCTGACAATCTTCG,0,11,1,305,52,19898,61,38,+,0.65,gRNA_+_38_61,[],TGG,True,TGCATCGGCTGCAGGTTGCC,20,True
ENST00000252108,11,118359600,118399211,GRCh38,1,ATGATCAGATGGTAAAAATCAACCAAAATCTGCATCGGCTGCAGGTTGCC,0,TGGCGGGATGCTCAGCAAAGTTCTAGCCCTGCTGCTGACAATCTTCGTGA,0,11,1,305,55,19901,64,41,+,0.65,gRNA_+_41_64,[],CGG,True,ATCGGCTGCAGGTTGCCTGG,20,True
ENST00000252108,11,118359600,118399211,GRCh38,1,ATGATCAGATGGTAAAAATCAACCAAAATCTGCATCGGCTGCAGGTTGCC,0,TGGCGGGATGCTCAGCAAAGTTCTAGCCCTGCTGCTGACAATCTTCGTGA,0,11,1,305,56,19901,65,42,+,0.7,gRNA_+_42_65,[],GGG,True,TCGGCTGCAGGTTGCCTGGC,20,True
ENST00000252108,11,118359600,118399211,GRCh38,1,CTACCAAGACTGCCATGACAGAGCCACAAATGCTACAAAACTGCCTAAAC,0,TTGCAGGTGTCCATGGCTGTTCTACTGGTTCAACTGGCCATAGGCAATGA,0,11,1,305,188,20033,197,174,+,0.4,gRNA_+_174_197,[],AGG,True,ACAAAACTGCCTAAACTTGC,20,True
ENST00000252108,11,118359600,118399211,GRCh38,1,CTGCCATGACAGAGCCACAAATGCTACAAAACTGCCTAAACTTGCAGGTG,0,TCCATGGCTGTTCTACTGGTTCAACTGGCCATAGGCAATGAGGGCTCACA,0,11,1,305,197,20042,206,183,+,0.5,gRNA_+_183_206,[],TGG,True,CCTAAACTTGCAGGTGTCCA,20,True
ENST00000252108,11,118359600,118399211,GRCh38,1,AGCCACAAATGCTACAAAACTGCCTAAACTTGCAGGTGTCCATGGCTGTT,0,CTACTGGTTCAACTGGCCATAGGCAATGAGGGCTCACAGCCAATAGAGCT,0,11,1,305,209,20054,218,195,+,0.55,gRNA_+_195_218,[],TGG,True,GGTGTCCATGGCTGTTCTAC,20,True
ENST00000252108,11,118359600,118399211,GRCh38,1,TGCTACAAAACTGCCTAAACTTGCAGGTGTCCATGGCTGTTCTACTGGTT,0,CAACTGGCCATAGGCAATGAGGGCTCACAGCCAATAGAGCTAACCTTTCC,0,11,1,305,218,20063,227,204,+,0.5,gRNA_+_204_227,[],TGG,True,GGCTGTTCTACTGGTTCAAC,20,True
ENST00000252108,11,118359600,118399211,GRCh38,1,ACTGCCTAAACTTGCAGGTGTCCATGGCTGTTCTACTGGTTCAACTGGCC,0,ATAGGCAATGAGGGCTCACAGCCAATAGAGCTAACCTTTCCTTTGCCAGA,0,11,1,305,225,20072,234,211,+,0.5,gRNA_+_211_234,[],AGG,True,CTACTGGTTCAACTGGCCAT,20,True
ENST00000252108,11,118359600,118399211,GRCh38,1,TAAACTTGCAGGTGTCCATGGCTGTTCTACTGGTTCAACTGGCCATAGGC,0,AATGAGGGCTCACAGCCAATAGAGCTAACCTTTCCTTTGCCAGATGGCTA,0,11,1,305,233,20078,242,219,+,0.5,gRNA_+_219_242,[],AGG,True,TCAACTGGCCATAGGCAATG,20,True
ENST00000252108,11,118359600,118399211,GRCh38,1,ACTTGCAGGTGTCCATGGCTGTTCTACTGGTTCAACTGGCCATAGGCAAT,0,GAGGGCTCACAGCCAATAGAGCTAACCTTTCCTTTGCCAGATGGCTACAG,0,11,1,305,234,20081,243,220,+,0.5,gRNA_+_220_243,[],GGG,True,CAACTGGCCATAGGCAATGA,20,True
ENST00000252108,11,118359600,118399211,GRCh38,1,CCATAGGCAATGAGGGCTCACAGCCAATAGAGCTAACCTTTCCTTTGCCA,0,GATGGCTACAGCTCTTTGGCTTATGTGCCAGGTAAGCAGGCTCTCCCTTG,0,11,1,305,273,20120,282,259,+,0.45,gRNA_+_259_282,[],TGG,True,CTAACCTTTCCTTTGCCAGA,20,True
ENST00000252108,11,118359600,118399211,GRCh38,1,AGGGCTCACAGCCAATAGAGCTAACCTTTCCTTTGCCAGATGGCTACAGC,0,TCTTTGGCTTATGTGCCAGGTAAGCAGGCTCTCCCTTGGGAATGTCCTGT,0,11,1,305,287,20132,296,273,+,0.55,gRNA_+_273_296,[],TGG,True,GCCAGATGGCTACAGCTCTT,20,True
ENST00000252108,11,118359600,118399211,GRCh38,1,TAGAGCTAACCTTTCCTTTGCCAGATGGCTACAGCTCTTTGGCTTATGTG,0,CCAGGTAAGCAGGCTCTCCCTTGGGAATGTCCTGTTTATAGCCTTCTGAG,0,11,1,305,300,20147,309,286,+,0.5,gRNA_+_286_309,[],AGG,True,AGCTCTTTGGCTTATGTGCC,20,True
ENST00000252108,11,118359600,118399211,GRCh38,1,TAGGCAATGAGGGCTCACAGCCAATAGAGCTAACCTTTCCTTTGCCAGAT,0,GGCTACAGCTCTTTGGCTTATGTGCCAGGTAAGCAGGCTCTCCCTTGGGA,0,11,1,305,277,20123,37,14,-,0.55,gRNA_-_14_37,[],TGG,True,GCCAAAGAGCTGTAGCCATC,20,True
ENST00000252108,11,118359600,118399211,GRCh38,1,TGGCCATAGGCAATGAGGGCTCACAGCCAATAGAGCTAACCTTTCCTTTG,0,CCAGATGGCTACAGCTCTTTGGCTTATGTGCCAGGTAAGCAGGCTCTCCC,0,11,1,305,271,20117,43,20,-,0.55,gRNA_-_20_43,[],AGG,True,GAGCTGTAGCCATCTGGCAA,20,True
ENST00000252108,11,118359600,118399211,GRCh38,1,TTCAACTGGCCATAGGCAATGAGGGCTCACAGCCAATAGAGCTAACCTTT,0,CCTTTGCCAGATGGCTACAGCTCTTTGGCTTATGTGCCAGGTAAGCAGGC,0,11,1,305,266,20111,48,25,-,0.5,gRNA_-_25_48,[],AGG,True,GTAGCCATCTGGCAAAGGAA,20,True
ENST00000252108,11,118359600,118399211,GRCh38,1,CTGTTCTACTGGTTCAACTGGCCATAGGCAATGAGGGCTCACAGCCAATA,0,GAGCTAACCTTTCCTTTGCCAGATGGCTACAGCTCTTTGGCTTATGTGCC,0,11,1,305,253,20099,61,38,-,0.35,gRNA_-_38_61,[],TGG,True,AAAGGAAAGGTTAGCTCTAT,20,True
ENST00000252108,11,118359600,118399211,GRCh38,1,GCCTAAACTTGCAGGTGTCCATGGCTGTTCTACTGGTTCAACTGGCCATA,0,GGCAATGAGGGCTCACAGCCAATAGAGCTAACCTTTCCTTTGCCAGATGG,0,11,1,305,230,20075,84,61,-,0.55,gRNA_-_61_84,[],TGG,True,CTGTGAGCCCTCATTGCCTA,20,True
ENST00000252108,11,118359600,118399211,GRCh38,1,TGACAGAGCCACAAATGCTACAAAACTGCCTAAACTTGCAGGTGTCCATG,0,GCTGTTCTACTGGTTCAACTGGCCATAGGCAATGAGGGCTCACAGCCAAT,0,11,1,305,203,20048,111,88,-,0.45,gRNA_-_88_111,[],TGG,True,TTGAACCAGTAGAACAGCCA,20,True
ENST00000252108,11,118359600,118399211,GRCh38,1,CTACCAAGACTGCCATGACAGAGCCACAAATGCTACAAAACTGCCTAAAC,0,TTGCAGGTGTCCATGGCTGTTCTACTGGTTCAACTGGCCATAGGCAATGA,0,11,1,305,186,20033,128,105,-,0.5,gRNA_-_105_128,[],AGG,True,CCATGGACACCTGCAAGTTT,20,True
ENST00000252108,11,118359600,118399211,GRCh38,1,GACTGATGACCATCTATCTTTCTACCAAGACTGCCATGACAGAGCCACAA,0,ATGCTACAAAACTGCCTAAACTTGCAGGTGTCCATGGCTGTTCTACTGGT,0,11,1,305,166,20012,148,125,-,0.4,gRNA_-_125_148,[],TGG,True,AGGCAGTTTTGTAGCATTTG,20,True
ENST00000252108,11,118359600,118399211,GRCh38,1,AGCAGTTTGAACGACTGATGACCATCTATCTTTCTACCAAGACTGCCATG,0,ACAGAGCCACAAATGCTACAAAACTGCCTAAACTTGCAGGTGTCCATGGC,0,11,1,305,155,20000,159,136,-,0.45,gRNA_-_136_159,[],TGG,True,TAGCATTTGTGGCTCTGTCA,20,True
ENST00000252108,11,118359600,118399211,GRCh38,1,ATCTTCGTGAGCAGTTTGAACGACTGATGACCATCTATCTTTCTACCAAG,0,ACTGCCATGACAGAGCCACAAATGCTACAAAACTGCCTAAACTTGCAGGT,0,11,1,305,146,19991,168,145,-,0.55,gRNA_-_145_168,[],TGG,True,TGGCTCTGTCATGGCAGTCT,20,True
ENST00000252108,11,118359600,118399211,GRCh38,1,GCCCTGCTGCTGACAATCTTCGTGAGCAGTTTGAACGACTGATGACCATC,0,TATCTTTCTACCAAGACTGCCATGACAGAGCCACAAATGCTACAAAACTG,0,11,1,305,131,19976,183,160,-,0.35,gRNA_-_160_183,[],TGG,True,AGTCTTGGTAGAAAGATAGA,20,True
ENST00000252108,11,118359600,118399211,GRCh38,1,ATCGGCTGCAGGTTGCCTGGCGGGATGCTCAGCAAAGTTCTAGCCCTGCT,0,GCTGACAATCTTCGTGAGCAGTTTGAACGACTGATGACCATCTATCTTTC,0,11,1,305,88,19934,226,203,-,0.5,gRNA_-_203_226,[],AGG,True,TCACGAAGATTGTCAGCAGC,20,True
ENST00000252108,11,118359600,118399211,GRCh38,1,ATCGGCTGCAGGTTGCCTGGCGGGATGCTCAGCAAAGTTCTAGCCCTGCT,0,GCTGACAATCTTCGTGAGCAGTTTGAACGACTGATGACCATCTATCTTTC,0,11,1,305,87,19934,227,204,-,0.5,gRNA_-_204_227,[],GGG,True,CACGAAGATTGTCAGCAGCA,20,True
ENST00000252108,11,118359600,118399211,GRCh38,1,ATCAGATGGTAAAAATCAACCAAAATCTGCATCGGCTGCAGGTTGCCTGG,0,CGGGATGCTCAGCAAAGTTCTAGCCCTGCTGCTGACAATCTTCGTGAGCA,0,11,1,305,59,19904,255,232,-,0.6,gRNA_-_232_255,[],AGG,True,ACTTTGCTGAGCATCCCGCC,20,True
ENST00000252108,11,118359600,118399211,GRCh38,1,GCTTTCTTGGGGGCAGGTTGCATGATCAGATGGTAAAAATCAACCAAAAT,0,CTGCATCGGCTGCAGGTTGCCTGGCGGGATGCTCAGCAAAGTTCTAGCCC,0,11,1,305,33,19880,281,258,-,0.55,gRNA_-_258_281,[],TGG,True,CCTGCAGCCGATGCAGATTT,20,True
ENST00000252108,11,118359600,118399211,GRCh38,1,TGTTTGGCTAATTCCAGTGAATATTTTCTTTTTCAGAATTTTTTGCAGAT,0,AACCTGGGTGATTTTCTCATTTTTCTCCGCCGCTTTGCCGATGACATTTT,0,12,2,133,15,21805,24,1,+,0.3,gRNA_+_1_24,[],TGG,True,AGAATTTTTTGCAGATAACC,20,True
ENST00000252108,11,118359600,118399211,GRCh38,1,TTGGCTAATTCCAGTGAATATTTTCTTTTTCAGAATTTTTTGCAGATAAC,0,CTGGGTGATTTTCTCATTTTTCTCCGCCGCTTTGCCGATGACATTTTGGA,0,12,2,133,16,21808,25,2,+,0.3,gRNA_+_2_25,[],GGG,True,GAATTTTTTGCAGATAACCT,20,True
ENST00000252108,11,118359600,118399211,GRCh38,1,CAGATAACCTGGGTGATTTTCTCATTTTTCTCCGCCGCTTTGCCGATGAC,0,ATTTTGGAGACATCAGCAGATTCCCTGGAGCATGTCCTTCACTTTATCAC,0,12,2,133,60,21850,69,46,+,0.5,gRNA_+_46_69,[],TGG,True,CCGCTTTGCCGATGACATTT,20,True
ENST00000252108,11,118359600,118399211,GRCh38,1,TCATTTTTCTCCGCCGCTTTGCCGATGACATTTTGGAGACATCAGCAGAT,0,TCCCTGGAGCATGTCCTTCACTTTATCACCATTTTCACTGGAAGCATAGA,0,12,2,133,81,21871,90,67,+,0.55,gRNA_+_67_90,[],TGG,True,GGAGACATCAGCAGATTCCC,20,True
ENST00000252108,11,118359600,118399211,GRCh38,1,AGACATCAGCAGATTCCCTGGAGCATGTCCTTCACTTTATCACCATTTTC,0,ACTGGAAGCATAGAAAGGTGAAGTGCTGAAAGCTTGGTTCTGTCACTGTT,0,12,2,133,115,21907,124,101,+,0.35,gRNA_+_101_124,[],TGG,True,CACTTTATCACCATTTTCAC,20,True
ENST00000252108,11,118359600,118399211,GRCh38,1,ATTCCCTGGAGCATGTCCTTCACTTTATCACCATTTTCACTGGAAGCATA,0,GAAAGGTGAAGTGCTGAAAGCTTGGTTCTGTCACTGTTTAGGCTGTAAAA,0,12,2,133,128,21919,137,114,+,0.35,gRNA_+_114_137,[],AGG,True,TTTTCACTGGAAGCATAGAA,20,True
ENST00000252108,11,118359600,118399211,GRCh38,1,TGGAGACATCAGCAGATTCCCTGGAGCATGTCCTTCACTTTATCACCATT,0,TTCACTGGAAGCATAGAAAGGTGAAGTGCTGAAAGCTTGGTTCTGTCACT,0,12,2,133,114,21904,28,5,-,0.35,gRNA_-_5_28,[],TGG,True,TTCTATGCTTCCAGTGAAAA,20,True
ENST00000252108,11,118359600,118399211,GRCh38,1,CCGATGACATTTTGGAGACATCAGCAGATTCCCTGGAGCATGTCCTTCAC,0,TTTATCACCATTTTCACTGGAAGCATAGAAAGGTGAAGTGCTGAAAGCTT,0,12,2,133,100,21892,42,19,-,0.3,gRNA_-_19_42,[],AGG,True,TGAAAATGGTGATAAAGTGA,20,True
ENST00000252108,11,118359600,118399211,GRCh38,1,TCCGCCGCTTTGCCGATGACATTTTGGAGACATCAGCAGATTCCCTGGAG,0,CATGTCCTTCACTTTATCACCATTTTCACTGGAAGCATAGAAAGGTGAAG,0,12,2,133,88,21880,54,31,-,0.45,gRNA_-_31_54,[],AGG,True,TAAAGTGAAGGACATGCTCC,20,True
ENST00000252108,11,118359600,118399211,GRCh38,1,TTCTCCGCCGCTTTGCCGATGACATTTTGGAGACATCAGCAGATTCCCTG,0,GAGCATGTCCTTCACTTTATCACCATTTTCACTGGAAGCATAGAAAGGTG,0,12,2,133,87,21877,55,32,-,0.45,gRNA_-_32_55,[],GGG,True,AAAGTGAAGGACATGCTCCA,20,True
ENST00000252108,11,118359600,118399211,GRCh38,1,TTGCAGATAACCTGGGTGATTTTCTCATTTTTCTCCGCCGCTTTGCCGAT,0,GACATTTTGGAGACATCAGCAGATTCCCTGGAGCATGTCCTTCACTTTAT,0,12,2,133,57,21847,85,62,-,0.35,gRNA_-_62_85,[],CGG,True,TGATGTCTCCAAAATGTCAT,20,True
ENST00000252108,11,118359600,118399211,GRCh38,1,AATTTTTTGCAGATAACCTGGGTGATTTTCTCATTTTTCTCCGCCGCTTT,0,GCCGATGACATTTTGGAGACATCAGCAGATTCCCTGGAGCATGTCCTTCA,0,12,2,133,49,21841,93,70,-,0.45,gRNA_-_70_93,[],CGG,True,CCAAAATGTCATCGGCAAAG,20,True
ENST00000252108,11,118359600,118399211,GRCh38,1,CAGAATTTTTTGCAGATAACCTGGGTGATTTTCTCATTTTTCTCCGCCGC,0,TTTGCCGATGACATTTTGGAGACATCAGCAGATTCCCTGGAGCATGTCCT,0,12,2,133,46,21838,96,73,-,0.5,gRNA_-_73_96,[],CGG,True,AAATGTCATCGGCAAAGCGG,20,True
ENST00000252108,11,118359600,118399211,GRCh38,1,AATTCCAGTGAATATTTTCTTTTTCAGAATTTTTTGCAGATAACCTGGGT,0,GATTTTCTCATTTTTCTCCGCCGCTTTGCCGATGACATTTTGGAGACATC,0,12,2,133,22,21814,120,97,-,0.35,gRNA_-_97_120,[],AGG,True,GAAAAATGAGAAAATCACCC,20,True
ENST00000252108,11,118359600,118399211,GRCh38,1,TATCTGCTCATCTTGCTTTTTGCCCATTTTGCAGAATGAAGAATCCCCAC,0,CTGAGGGCCAAACTAGCAGAGGTGTTGGAAGCAGTGATGCCCCACCTGGA,0,13,1,188,16,23005,25,2,+,0.5,gRNA_+_2_25,[],AGG,True,GAATGAAGAATCCCCACCTG,20,True
ENST00000252108,11,118359600,118399211,GRCh38,1,TATCTGCTCATCTTGCTTTTTGCCCATTTTGCAGAATGAAGAATCCCCAC,0,CTGAGGGCCAAACTAGCAGAGGTGTTGGAAGCAGTGATGCCCCACCTGGA,0,13,1,188,17,23005,26,3,+,0.45,gRNA_+_3_26,[],GGG,True,AATGAAGAATCCCCACCTGA,20,True
ENST00000252108,11,118359600,118399211,GRCh38,1,CTTTTTGCCCATTTTGCAGAATGAAGAATCCCCACCTGAGGGCCAAACTA,0,GCAGAGGTGTTGGAAGCAGTGATGCCCCACCTGGATCAGACCCCAAATCC,0,13,1,188,32,23020,41,18,+,0.6,gRNA_+_18_41,[],AGG,True,CCTGAGGGCCAAACTAGCAG,20,True
ENST00000252108,11,118359600,118399211,GRCh38,1,GCCCATTTTGCAGAATGAAGAATCCCCACCTGAGGGCCAAACTAGCAGAG,0,GTGTTGGAAGCAGTGATGCCCCACCTGGATCAGACCCCAAATCCCTTGGT,0,13,1,188,38,23026,47,24,+,0.55,gRNA_+_24_47,[],TGG,True,GGCCAAACTAGCAGAGGTGT,20,True
ENST00000252108,11,118359600,118399211,GRCh38,1,ATCCCCACCTGAGGGCCAAACTAGCAGAGGTGTTGGAAGCAGTGATGCCC,0,CACCTGGATCAGACCCCAAATCCCTTGGTATCCAGTGTGTTCCACCGGAA,0,13,1,188,59,23047,68,45,+,0.65,gRNA_+_45_68,[],TGG,True,GGAAGCAGTGATGCCCCACC,20,True
ENST00000252108,11,118359600,118399211,GRCh38,1,TAGCAGAGGTGTTGGAAGCAGTGATGCCCCACCTGGATCAGACCCCAAAT,0,CCCTTGGTATCCAGTGTGTTCCACCGGAAACGTGTGTTCTGCAACTTTCA,0,13,1,188,80,23068,89,66,+,0.55,gRNA_+_66_89,[],TGG,True,GGATCAGACCCCAAATCCCT,20,True
ENST00000252108,11,118359600,118399211,GRCh38,1,TGATGCCCCACCTGGATCAGACCCCAAATCCCTTGGTATCCAGTGTGTTC,0,CACCGGAAACGTGTGTTCTGCAACTTTCAGTATGCACCCCAACTTGCAGA,0,13,1,188,100,23089,109,86,+,0.5,gRNA_+_86_109,[],CGG,True,TGGTATCCAGTGTGTTCCAC,20,True
ENST00000252108,11,118359600,118399211,GRCh38,1,TGTTCCACCGGAAACGTGTGTTCTGCAACTTTCAGTATGCACCCCAACTT,0,GCAGAGGCTCTAATCAAGGTTTTTGTGGACATCGAATTTACAGGTAAAGC,0,13,1,188,146,23134,155,132,+,0.55,gRNA_+_132_155,[],AGG,True,GTATGCACCCCAACTTGCAG,20,True
ENST00000252108,11,118359600,118399211,GRCh38,1,AACGTGTGTTCTGCAACTTTCAGTATGCACCCCAACTTGCAGAGGCTCTA,0,ATCAAGGTTTTTGTGGACATCGAATTTACAGGTAAAGCAGTCATGAAGCT,0,13,1,188,158,23146,167,144,+,0.45,gRNA_+_144_167,[],AGG,True,ACTTGCAGAGGCTCTAATCA,20,True
ENST00000252108,11,118359600,118399211,GRCh38,1,TCTGCAACTTTCAGTATGCACCCCAACTTGCAGAGGCTCTAATCAAGGTT,0,TTTGTGGACATCGAATTTACAGGTAAAGCAGTCATGAAGCTGAGCCCAGA,0,13,1,188,167,23155,176,153,+,0.4,gRNA_+_153_176,[],TGG,True,GGCTCTAATCAAGGTTTTTG,20,True
ENST00000252108,11,118359600,118399211,GRCh38,1,CACCCCAACTTGCAGAGGCTCTAATCAAGGTTTTTGTGGACATCGAATTT,0,ACAGGTAAAGCAGTCATGAAGCTGAGCCCAGAACTGGGAAGCTGATACCA,0,13,1,188,183,23173,192,169,+,0.35,gRNA_+_169_192,[],AGG,True,TTTGTGGACATCGAATTTAC,20,True
ENST00000252108,11,118359600,118399211,GRCh38,1,TGTTCCACCGGAAACGTGTGTTCTGCAACTTTCAGTATGCACCCCAACTT,0,GCAGAGGCTCTAATCAAGGTTTTTGTGGACATCGAATTTACAGGTAAAGC,0,13,1,188,144,23134,53,30,-,0.45,gRNA_-_30_53,[],TGG,True,TGATTAGAGCCTCTGCAAGT,20,True
ENST00000252108,11,118359600,118399211,GRCh38,1,GTGTGTTCCACCGGAAACGTGTGTTCTGCAACTTTCAGTATGCACCCCAA,0,CTTGCAGAGGCTCTAATCAAGGTTTTTGTGGACATCGAATTTACAGGTAA,0,13,1,188,143,23131,54,31,-,0.45,gRNA_-_31_54,[],GGG,True,GATTAGAGCCTCTGCAAGTT,20,True
ENST00000252108,11,118359600,118399211,GRCh38,1,GTGTGTTCCACCGGAAACGTGTGTTCTGCAACTTTCAGTATGCACCCCAA,0,CTTGCAGAGGCTCTAATCAAGGTTTTTGTGGACATCGAATTTACAGGTAA,0,13,1,188,142,23131,55,32,-,0.45,gRNA_-_32_55,[],GGG,True,ATTAGAGCCTCTGCAAGTTG,20,True
ENST00000252108,11,118359600,118399211,GRCh38,1,ACCTGGATCAGACCCCAAATCCCTTGGTATCCAGTGTGTTCCACCGGAAA,0,CGTGTGTTCTGCAACTTTCAGTATGCACCCCAACTTGCAGAGGCTCTAAT,0,13,1,188,108,23098,89,66,-,0.45,gRNA_-_66_89,[],CGG,True,AGTTGCAGAACACACGTTTC,20,True
ENST00000252108,11,118359600,118399211,GRCh38,1,CCCACCTGGATCAGACCCCAAATCCCTTGGTATCCAGTGTGTTCCACCGG,0,AAACGTGTGTTCTGCAACTTTCAGTATGCACCCCAACTTGCAGAGGCTCT,0,13,1,188,105,23095,92,69,-,0.55,gRNA_-_69_92,[],TGG,True,TGCAGAACACACGTTTCCGG,20,True
ENST00000252108,11,118359600,118399211,GRCh38,1,AAGCAGTGATGCCCCACCTGGATCAGACCCCAAATCCCTTGGTATCCAGT,0,GTGTTCCACCGGAAACGTGTGTTCTGCAACTTTCAGTATGCACCCCAACT,0,13,1,188,95,23083,102,79,-,0.55,gRNA_-_79_102,[],TGG,True,ACGTTTCCGGTGGAACACAC,20,True
ENST00000252108,11,118359600,118399211,GRCh38,1,AGGTGTTGGAAGCAGTGATGCCCCACCTGGATCAGACCCCAAATCCCTTG,0,GTATCCAGTGTGTTCCACCGGAAACGTGTGTTCTGCAACTTTCAGTATGC,0,13,1,188,86,23074,111,88,-,0.5,gRNA_-_88_111,[],AGG,True,GTGGAACACACTGGATACCA,20,True
ENST00000252108,11,118359600,118399211,GRCh38,1,AGGTGTTGGAAGCAGTGATGCCCCACCTGGATCAGACCCCAAATCCCTTG,0,GTATCCAGTGTGTTCCACCGGAAACGTGTGTTCTGCAACTTTCAGTATGC,0,13,1,188,85,23074,112,89,-,0.45,gRNA_-_89_112,[],GGG,True,TGGAACACACTGGATACCAA,20,True
ENST00000252108,11,118359600,118399211,GRCh38,1,TAGCAGAGGTGTTGGAAGCAGTGATGCCCCACCTGGATCAGACCCCAAAT,0,CCCTTGGTATCCAGTGTGTTCCACCGGAAACGTGTGTTCTGCAACTTTCA,0,13,1,188,79,23068,118,95,-,0.45,gRNA_-_95_118,[],TGG,True,ACACTGGATACCAAGGGATT,20,True
ENST00000252108,11,118359600,118399211,GRCh38,1,TAGCAGAGGTGTTGGAAGCAGTGATGCCCCACCTGGATCAGACCCCAAAT,0,CCCTTGGTATCCAGTGTGTTCCACCGGAAACGTGTGTTCTGCAACTTTCA,0,13,1,188,78,23068,119,96,-,0.45,gRNA_-_96_119,[],GGG,True,CACTGGATACCAAGGGATTT,20,True
ENST00000252108,11,118359600,118399211,GRCh38,1,AACTAGCAGAGGTGTTGGAAGCAGTGATGCCCCACCTGGATCAGACCCCA,0,AATCCCTTGGTATCCAGTGTGTTCCACCGGAAACGTGTGTTCTGCAACTT,0,13,1,188,77,23065,120,97,-,0.45,gRNA_-_97_120,[],GGG,True,ACTGGATACCAAGGGATTTG,20,True
ENST00000252108,11,118359600,118399211,GRCh38,1,TGAGGGCCAAACTAGCAGAGGTGTTGGAAGCAGTGATGCCCCACCTGGAT,0,CAGACCCCAAATCCCTTGGTATCCAGTGTGTTCCACCGGAAACGTGTGTT,0,13,1,188,66,23056,131,108,-,0.55,gRNA_-_108_131,[],AGG,True,AGGGATTTGGGGTCTGATCC,20,True
ENST00000252108,11,118359600,118399211,GRCh38,1,ACCTGAGGGCCAAACTAGCAGAGGTGTTGGAAGCAGTGATGCCCCACCTG,0,GATCAGACCCCAAATCCCTTGGTATCCAGTGTGTTCCACCGGAAACGTGT,0,13,1,188,63,23053,134,111,-,0.55,gRNA_-_111_134,[],TGG,True,GATTTGGGGTCTGATCCAGG,20,True
ENST00000252108,11,118359600,118399211,GRCh38,1,CCCACCTGAGGGCCAAACTAGCAGAGGTGTTGGAAGCAGTGATGCCCCAC,0,CTGGATCAGACCCCAAATCCCTTGGTATCCAGTGTGTTCCACCGGAAACG,0,13,1,188,62,23050,135,112,-,0.5,gRNA_-_112_135,[],GGG,True,ATTTGGGGTCTGATCCAGGT,20,True
ENST00000252108,11,118359600,118399211,GRCh38,1,CCCACCTGAGGGCCAAACTAGCAGAGGTGTTGGAAGCAGTGATGCCCCAC,0,CTGGATCAGACCCCAAATCCCTTGGTATCCAGTGTGTTCCACCGGAAACG,0,13,1,188,61,23050,136,113,-,0.55,gRNA_-_113_136,[],GGG,True,TTTGGGGTCTGATCCAGGTG,20,True
ENST00000252108,11,118359600,118399211,GRCh38,1,TTGCTTTTTGCCCATTTTGCAGAATGAAGAATCCCCACCTGAGGGCCAAA,0,CTAGCAGAGGTGTTGGAAGCAGTGATGCCCCACCTGGATCAGACCCCAAA,0,13,1,188,29,23017,168,145,-,0.45,gRNA_-_145_168,[],TGG,True,TTCCAACACCTCTGCTAGTT,20,True
ENST00000252108,11,118359600,118399211,GRCh38,1,CTCATCTTGCTTTTTGCCCATTTTGCAGAATGAAGAATCCCCACCTGAGG,0,GCCAAACTAGCAGAGGTGTTGGAAGCAGTGATGCCCCACCTGGATCAGAC,0,13,1,188,21,23011,176,153,-,0.6,gRNA_-_153_176,[],AGG,True,CCTCTGCTAGTTTGGCCCTC,20,True
ENST00000252108,11,118359600,118399211,GRCh38,1,CTGCTCATCTTGCTTTTTGCCCATTTTGCAGAATGAAGAATCCCCACCTG,0,AGGGCCAAACTAGCAGAGGTGTTGGAAGCAGTGATGCCCCACCTGGATCA,0,13,1,188,18,23008,179,156,-,0.6,gRNA_-_156_179,[],TGG,True,CTGCTAGTTTGGCCCTCAGG,20,True
ENST00000252108,11,118359600,118399211,GRCh38,1,TATCTGCTCATCTTGCTTTTTGCCCATTTTGCAGAATGAAGAATCCCCAC,0,CTGAGGGCCAAACTAGCAGAGGTGTTGGAAGCAGTGATGCCCCACCTGGA,0,13,1,188,17,23005,180,157,-,0.55,gRNA_-_157_180,[],GGG,True,TGCTAGTTTGGCCCTCAGGT,20,True
ENST00000252108,11,118359600,118399211,GRCh38,1,TATCTGCTCATCTTGCTTTTTGCCCATTTTGCAGAATGAAGAATCCCCAC,0,CTGAGGGCCAAACTAGCAGAGGTGTTGGAAGCAGTGATGCCCCACCTGGA,0,13,1,188,16,23005,181,158,-,0.6,gRNA_-_158_181,[],GGG,True,GCTAGTTTGGCCCTCAGGTG,20,True
ENST00000252108,11,118359600,118399211,GRCh38,1,TTGAACAGAAGTTTAATTACCGCCGTCCCATGTATCCTATCCTAAGATAC,0,ATGTGGGGGACAGATACCTATCGGGAGAGCATTAAGGTGAGAGAGTTTTT,0,14,2,101,65,25100,74,51,+,0.35,gRNA_+_51_74,[],TGG,True,ATCCTATCCTAAGATACATG,20,True
ENST00000252108,11,118359600,118399211,GRCh38,1,TTGAACAGAAGTTTAATTACCGCCGTCCCATGTATCCTATCCTAAGATAC,0,ATGTGGGGGACAGATACCTATCGGGAGAGCATTAAGGTGAGAGAGTTTTT,0,14,2,101,66,25100,75,52,+,0.35,gRNA_+_52_75,[],GGG,True,TCCTATCCTAAGATACATGT,20,True
ENST00000252108,11,118359600,118399211,GRCh38,1,AACAGAAGTTTAATTACCGCCGTCCCATGTATCCTATCCTAAGATACATG,0,TGGGGGACAGATACCTATCGGGAGAGCATTAAGGTGAGAGAGTTTTTGAT,0,14,2,101,67,25103,76,53,+,0.4,gRNA_+_53_76,[],GGG,True,CCTATCCTAAGATACATGTG,20,True
ENST00000252108,11,118359600,118399211,GRCh38,1,AACAGAAGTTTAATTACCGCCGTCCCATGTATCCTATCCTAAGATACATG,0,TGGGGGACAGATACCTATCGGGAGAGCATTAAGGTGAGAGAGTTTTTGAT,0,14,2,101,68,25103,77,54,+,0.4,gRNA_+_54_77,[],GGG,True,CTATCCTAAGATACATGTGG,20,True
ENST00000252108,11,118359600,118399211,GRCh38,1,ACCGCCGTCCCATGTATCCTATCCTAAGATACATGTGGGGGACAGATACC,0,TATCGGGAGAGCATTAAGGTGAGAGAGTTTTTGATGAAACCTGTTGCTTT,0,14,2,101,83,25118,92,69,+,0.5,gRNA_+_69_92,[],CGG,True,TGTGGGGGACAGATACCTAT,20,True
ENST00000252108,11,118359600,118399211,GRCh38,1,ACCGCCGTCCCATGTATCCTATCCTAAGATACATGTGGGGGACAGATACC,0,TATCGGGAGAGCATTAAGGTGAGAGAGTTTTTGATGAAACCTGTTGCTTT,0,14,2,101,84,25118,93,70,+,0.55,gRNA_+_70_93,[],GGG,True,GTGGGGGACAGATACCTATC,20,True
ENST00000252108,11,118359600,118399211,GRCh38,1,TGTATCCTATCCTAAGATACATGTGGGGGACAGATACCTATCGGGAGAGC,0,ATTAAGGTGAGAGAGTTTTTGATGAAACCTGTTGCTTTATATAAGCCCTA,0,14,2,101,96,25130,105,82,+,0.45,gRNA_+_82_105,[],AGG,True,TACCTATCGGGAGAGCATTA,20,True
ENST00000252108,11,118359600,118399211,GRCh38,1,GCCGTCCCATGTATCCTATCCTAAGATACATGTGGGGGACAGATACCTAT,0,CGGGAGAGCATTAAGGTGAGAGAGTTTTTGATGAAACCTGTTGCTTTATA,0,14,2,101,87,25121,23,0,-,0.5,gRNA_-_0_23,[],AGG,True,CACCTTAATGCTCTCCCGAT,20,True
ENST00000252108,11,118359600,118399211,GRCh38,1,AATTTGAACAGAAGTTTAATTACCGCCGTCCCATGTATCCTATCCTAAGA,0,TACATGTGGGGGACAGATACCTATCGGGAGAGCATTAAGGTGAGAGAGTT,0,14,2,101,61,25097,49,26,-,0.5,gRNA_-_26_49,[],AGG,True,CTGTCCCCCACATGTATCTT,20,True
ENST00000252108,11,118359600,118399211,GRCh38,1,CCCATCAATTTGAACAGAAGTTTAATTACCGCCGTCCCATGTATCCTATC,0,CTAAGATACATGTGGGGGACAGATACCTATCGGGAGAGCATTAAGGTGAG,0,14,2,101,56,25091,54,31,-,0.45,gRNA_-_31_54,[],AGG,True,CCCCACATGTATCTTAGGAT,20,True
ENST00000252108,11,118359600,118399211,GRCh38,1,CAGGAGACCCCCATCAATTTGAACAGAAGTTTAATTACCGCCGTCCCATG,0,TATCCTATCCTAAGATACATGTGGGGGACAGATACCTATCGGGAGAGCAT,0,14,2,101,48,25082,62,39,-,0.35,gRNA_-_39_62,[],TGG,True,GTATCTTAGGATAGGATACA,20,True
ENST00000252108,11,118359600,118399211,GRCh38,1,CAGGAGACCCCCATCAATTTGAACAGAAGTTTAATTACCGCCGTCCCATG,0,TATCCTATCCTAAGATACATGTGGGGGACAGATACCTATCGGGAGAGCAT,0,14,2,101,47,25082,63,40,-,0.3,gRNA_-_40_63,[],GGG,True,TATCTTAGGATAGGATACAT,20,True
ENST00000252108,11,118359600,118399211,GRCh38,1,CTCCAGGAGACCCCCATCAATTTGAACAGAAGTTTAATTACCGCCGTCCC,0,ATGTATCCTATCCTAAGATACATGTGGGGGACAGATACCTATCGGGAGAG,0,14,2,101,43,25079,67,44,-,0.4,gRNA_-_44_67,[],CGG,True,TTAGGATAGGATACATGGGA,20,True
ENST00000252108,11,118359600,118399211,GRCh38,1,TTACTCCAGGAGACCCCCATCAATTTGAACAGAAGTTTAATTACCGCCGT,0,CCCATGTATCCTATCCTAAGATACATGTGGGGGACAGATACCTATCGGGA,0,14,2,101,40,25076,70,47,-,0.55,gRNA_-_47_70,[],CGG,True,GGATAGGATACATGGGACGG,20,True
ENST00000252108,11,118359600,118399211,GRCh38,1,CGCCTTTGCTGATATTTCGCTCTTGCCTTACTCCAGGAGACCCCCATCAA,0,TTTGAACAGAAGTTTAATTACCGCCGTCCCATGTATCCTATCCTAAGATA,0,14,2,101,13,25049,97,74,-,0.25,gRNA_-_74_97,[],TGG,True,TAAACTTCTGTTCAAATTGA,20,True
ENST00000252108,11,118359600,118399211,GRCh38,1,CACCGCCTTTGCTGATATTTCGCTCTTGCCTTACTCCAGGAGACCCCCAT,0,CAATTTGAACAGAAGTTTAATTACCGCCGTCCCATGTATCCTATCCTAAG,0,14,2,101,12,25046,98,75,-,0.25,gRNA_-_75_98,[],GGG,True,AAACTTCTGTTCAAATTGAT,20,True
ENST00000252108,11,118359600,118399211,GRCh38,1,CACCGCCTTTGCTGATATTTCGCTCTTGCCTTACTCCAGGAGACCCCCAT,0,CAATTTGAACAGAAGTTTAATTACCGCCGTCCCATGTATCCTATCCTAAG,0,14,2,101,11,25046,99,76,-,0.3,gRNA_-_76_99,[],GGG,True,AACTTCTGTTCAAATTGATG,20,True
ENST00000252108,11,118359600,118399211,GRCh38,1,CACCGCCTTTGCTGATATTTCGCTCTTGCCTTACTCCAGGAGACCCCCAT,0,CAATTTGAACAGAAGTTTAATTACCGCCGTCCCATGTATCCTATCCTAAG,0,14,2,101,10,25046,100,77,-,0.35,gRNA_-_77_100,[],GGG,True,ACTTCTGTTCAAATTGATGG,20,True
ENST00000252108,11,118359600,118399211,GRCh38,1,CCCCACTTTTCCTCCGCTTTCTTAACCTGCTAATGAATGATGCCATCTTC,0,CTTTTGGATGAAGCCATACAGGTAAAAAAAAAAAAAAAAAAAAAGATTTA,0,15,0,114,94,25325,103,80,+,0.4,gRNA_+_80_103,[],TGG,True,GAATGATGCCATCTTCCTTT,20,True
ENST00000252108,11,118359600,118399211,GRCh38,1,GCTTTCTTAACCTGCTAATGAATGATGCCATCTTCCTTTTGGATGAAGCC,0,ATACAGGTAAAAAAAAAAAAAAAAAAAAAGATTTAACTTCTCCATACCAT,0,15,0,114,109,25340,118,95,+,0.45,gRNA_+_95_118,[],AGG,True,CCTTTTGGATGAAGCCATAC,20,True
ENST00000252108,11,118359600,118399211,GRCh38,1,TTTTCCTCCGCTTTCTTAACCTGCTAATGAATGATGCCATCTTCCTTTTG,0,GATGAAGCCATACAGGTAAAAAAAAAAAAAAAAAAAAAGATTTAACTTCT,0,15,0,114,98,25331,25,2,-,0.45,gRNA_-_2_25,[],AGG,True,CCTGTATGGCTTCATCCAAA,20,True
ENST00000252108,11,118359600,118399211,GRCh38,1,ATCCCCCACTTTTCCTCCGCTTTCTTAACCTGCTAATGAATGATGCCATC,0,TTCCTTTTGGATGAAGCCATACAGGTAAAAAAAAAAAAAAAAAAAAAGAT,0,15,0,114,91,25322,32,9,-,0.45,gRNA_-_9_32,[],TGG,True,GGCTTCATCCAAAAGGAAGA,20,True
ENST00000252108,11,118359600,118399211,GRCh38,1,ATTTAGAAGCCATGAATCCCCCACTTTTCCTCCGCTTTCTTAACCTGCTA,0,ATGAATGATGCCATCTTCCTTTTGGATGAAGCCATACAGGTAAAAAAAAA,0,15,0,114,74,25307,49,26,-,0.4,gRNA_-_26_49,[],AGG,True,AGATGGCATCATTCATTAGC,20,True
ENST00000252108,11,118359600,118399211,GRCh38,1,ATGCCTCTAAGAATTTAGAAGCCATGAATCCCCCACTTTTCCTCCGCTTT,0,CTTAACCTGCTAATGAATGATGCCATCTTCCTTTTGGATGAAGCCATACA,0,15,0,114,62,25295,61,38,-,0.35,gRNA_-_38_61,[],CGG,True,TCATTAGCAGGTTAAGAAAG,20,True
ENST00000252108,11,118359600,118399211,GRCh38,1,ACTATGCCTCTAAGAATTTAGAAGCCATGAATCCCCCACTTTTCCTCCGC,0,TTTCTTAACCTGCTAATGAATGATGCCATCTTCCTTTTGGATGAAGCCAT,0,15,0,114,59,25292,64,41,-,0.45,gRNA_-_41_64,[],AGG,True,TTAGCAGGTTAAGAAAGCGG,20,True
ENST00000252108,11,118359600,118399211,GRCh38,1,ATTTGGCTGACTATGCCTCTAAGAATTTAGAAGCCATGAATCCCCCACTT,0,TTCCTCCGCTTTCTTAACCTGCTAATGAATGATGCCATCTTCCTTTTGGA,0,15,0,114,51,25283,72,49,-,0.4,gRNA_-_49_72,[],TGG,True,TTAAGAAAGCGGAGGAAAAG,20,True
ENST00000252108,11,118359600,118399211,GRCh38,1,ATTTGGCTGACTATGCCTCTAAGAATTTAGAAGCCATGAATCCCCCACTT,0,TTCCTCCGCTTTCTTAACCTGCTAATGAATGATGCCATCTTCCTTTTGGA,0,15,0,114,50,25283,73,50,-,0.4,gRNA_-_50_73,[],GGG,True,TAAGAAAGCGGAGGAAAAGT,20,True
ENST00000252108,11,118359600,118399211,GRCh38,1,AGGATTTGGCTGACTATGCCTCTAAGAATTTAGAAGCCATGAATCCCCCA,0,CTTTTCCTCCGCTTTCTTAACCTGCTAATGAATGATGCCATCTTCCTTTT,0,15,0,114,49,25280,74,51,-,0.45,gRNA_-_51_74,[],GGG,True,AAGAAAGCGGAGGAAAAGTG,20,True
ENST00000252108,11,118359600,118399211,GRCh38,1,AGGATTTGGCTGACTATGCCTCTAAGAATTTAGAAGCCATGAATCCCCCA,0,CTTTTCCTCCGCTTTCTTAACCTGCTAATGAATGATGCCATCTTCCTTTT,0,15,0,114,48,25280,75,52,-,0.5,gRNA_-_52_75,[],GGG,True,AGAAAGCGGAGGAAAAGTGG,20,True
ENST00000252108,11,118359600,118399211,GRCh38,1,GGGACTTACAGGATTTGGCTGACTATGCCTCTAAGAATTTAGAAGCCATG,0,AATCCCCCACTTTTCCTCCGCTTTCTTAACCTGCTAATGAATGATGCCAT,0,15,0,114,40,25271,83,60,-,0.5,gRNA_-_60_83,[],TGG,True,GAGGAAAAGTGGGGGATTCA,20,True
ENST00000252108,11,118359600,118399211,GRCh38,1,ATGGTTTTCTTGTGGGCTGGGACTTACAGGATTTGGCTGACTATGCCTCT,0,AAGAATTTAGAAGCCATGAATCCCCCACTTTTCCTCCGCTTTCTTAACCT,0,15,0,114,22,25253,101,78,-,0.35,gRNA_-_78_101,[],AGG,True,CATGGCTTCTAAATTCTTAG,20,True
ENST00000252108,11,118359600,118399211,GRCh38,1,CCCATCTCTGGTTTCTGCAGTATTTGAGCAAGATAAAGATTCAGCAAATT,0,GAGAAGGATCGAGGTGAATGGGATAGTCTGACTCCAGAAGCCCGCCGAGA,0,16,0,175,31,26868,40,17,+,0.3,gRNA_+_17_40,[],AGG,True,AAAGATTCAGCAAATTGAGA,20,True
ENST00000252108,11,118359600,118399211,GRCh38,1,GGTTTCTGCAGTATTTGAGCAAGATAAAGATTCAGCAAATTGAGAAGGAT,0,CGAGGTGAATGGGATAGTCTGACTCCAGAAGCCCGCCGAGAAAAGGAGGC,0,16,0,175,38,26877,47,24,+,0.45,gRNA_+_24_47,[],AGG,True,CAGCAAATTGAGAAGGATCG,20,True
ENST00000252108,11,118359600,118399211,GRCh38,1,TGCAGTATTTGAGCAAGATAAAGATTCAGCAAATTGAGAAGGATCGAGGT,0,GAATGGGATAGTCTGACTCCAGAAGCCCGCCGAGAAAAGGAGGCTGGCCT,0,16,0,175,45,26883,54,31,+,0.45,gRNA_+_31_54,[],TGG,True,TTGAGAAGGATCGAGGTGAA,20,True
ENST00000252108,11,118359600,118399211,GRCh38,1,TGCAGTATTTGAGCAAGATAAAGATTCAGCAAATTGAGAAGGATCGAGGT,0,GAATGGGATAGTCTGACTCCAGAAGCCCGCCGAGAAAAGGAGGCTGGCCT,0,16,0,175,46,26883,55,32,+,0.45,gRNA_+_32_55,[],GGG,True,TGAGAAGGATCGAGGTGAAT,20,True
ENST00000252108,11,118359600,118399211,GRCh38,1,TTGAGAAGGATCGAGGTGAATGGGATAGTCTGACTCCAGAAGCCCGCCGA,0,GAAAAGGAGGCTGGCCTACAGATGTTTGGACAGCTGGCACGTTTCCATAA,0,16,0,175,79,26916,88,65,+,0.6,gRNA_+_65_88,[],AGG,True,TCCAGAAGCCCGCCGAGAAA,20,True
ENST00000252108,11,118359600,118399211,GRCh38,1,AGAAGGATCGAGGTGAATGGGATAGTCTGACTCCAGAAGCCCGCCGAGAA,0,AAGGAGGCTGGCCTACAGATGTTTGGACAGCTGGCACGTTTCCATAACAT,0,16,0,175,82,26919,91,68,+,0.6,gRNA_+_68_91,[],AGG,True,AGAAGCCCGCCGAGAAAAGG,20,True
ENST00000252108,11,118359600,118399211,GRCh38,1,ATCGAGGTGAATGGGATAGTCTGACTCCAGAAGCCCGCCGAGAAAAGGAG,0,GCTGGCCTACAGATGTTTGGACAGCTGGCACGTTTCCATAACATCATGTC,0,16,0,175,86,26925,95,72,+,0.7,gRNA_+_72_95,[],TGG,True,GCCCGCCGAGAAAAGGAGGC,20,True
ENST00000252108,11,118359600,118399211,GRCh38,1,ATAGTCTGACTCCAGAAGCCCGCCGAGAAAAGGAGGCTGGCCTACAGATG,0,TTTGGACAGCTGGCACGTTTCCATAACATCATGTCCAATGAAACAATCGG,0,16,0,175,101,26940,110,87,+,0.55,gRNA_+_87_110,[],TGG,True,GAGGCTGGCCTACAGATGTT,20,True
ENST00000252108,11,118359600,118399211,GRCh38,1,TGACTCCAGAAGCCCGCCGAGAAAAGGAGGCTGGCCTACAGATGTTTGGA,0,CAGCTGGCACGTTTCCATAACATCATGTCCAATGAAACAATCGGTACCCT,0,16,0,175,109,26946,118,95,+,0.5,gRNA_+_95_118,[],TGG,True,CCTACAGATGTTTGGACAGC,20,True
ENST00000252108,11,118359600,118399211,GRCh38,1,AGATGTTTGGACAGCTGGCACGTTTCCATAACATCATGTCCAATGAAACA,0,ATCGGTACCCTTGCCTTTCTCACATCAGGTAAGGACATGAAGTACTGCTT,0,16,0,175,146,26985,155,132,+,0.3,gRNA_+_132_155,[],CGG,True,ATCATGTCCAATGAAACAAT,20,True
ENST00000252108,11,118359600,118399211,GRCh38,1,TCCATAACATCATGTCCAATGAAACAATCGGTACCCTTGCCTTTCTCACA,0,TCAGGTAAGGACATGAAGTACTGCTTCCCCCCAAAAAAGTAATGGCCAAG,0,16,0,175,170,27009,179,156,+,0.5,gRNA_+_156_179,[],AGG,True,ACCCTTGCCTTTCTCACATC,20,True
ENST00000252108,11,118359600,118399211,GRCh38,1,TGGCACGTTTCCATAACATCATGTCCAATGAAACAATCGGTACCCTTGCC,0,TTTCTCACATCAGGTAAGGACATGAAGTACTGCTTCCCCCCAAAAAAGTA,0,16,0,175,161,27000,23,0,-,0.45,gRNA_-_0_23,[],AGG,True,TACCTGATGTGAGAAAGGCA,20,True
ENST00000252108,11,118359600,118399211,GRCh38,1,AGCTGGCACGTTTCCATAACATCATGTCCAATGAAACAATCGGTACCCTT,0,GCCTTTCTCACATCAGGTAAGGACATGAAGTACTGCTTCCCCCCAAAAAA,0,16,0,175,160,26997,24,1,-,0.45,gRNA_-_1_24,[],GGG,True,ACCTGATGTGAGAAAGGCAA,20,True
ENST00000252108,11,118359600,118399211,GRCh38,1,GCCTACAGATGTTTGGACAGCTGGCACGTTTCCATAACATCATGTCCAAT,0,GAAACAATCGGTACCCTTGCCTTTCTCACATCAGGTAAGGACATGAAGTA,0,16,0,175,142,26979,42,19,-,0.4,gRNA_-_19_42,[],TGG,True,AAGGGTACCGATTGTTTCAT,20,True
ENST00000252108,11,118359600,118399211,GRCh38,1,AAAAGGAGGCTGGCCTACAGATGTTTGGACAGCTGGCACGTTTCCATAAC,0,ATCATGTCCAATGAAACAATCGGTACCCTTGCCTTTCTCACATCAGGTAA,0,16,0,175,128,26967,56,33,-,0.3,gRNA_-_33_56,[],TGG,True,TTTCATTGGACATGATGTTA,20,True
ENST00000252108,11,118359600,118399211,GRCh38,1,GGGATAGTCTGACTCCAGAAGCCCGCCGAGAAAAGGAGGCTGGCCTACAG,0,ATGTTTGGACAGCTGGCACGTTTCCATAACATCATGTCCAATGAAACAAT,0,16,0,175,98,26937,86,63,-,0.5,gRNA_-_63_86,[],AGG,True,CCAGCTGTCCAAACATCTGT,20,True
ENST00000252108,11,118359600,118399211,GRCh38,1,AGAAGGATCGAGGTGAATGGGATAGTCTGACTCCAGAAGCCCGCCGAGAA,0,AAGGAGGCTGGCCTACAGATGTTTGGACAGCTGGCACGTTTCCATAACAT,0,16,0,175,80,26919,104,81,-,0.55,gRNA_-_81_104,[],CGG,True,GTAGGCCAGCCTCCTTTTCT,20,True
ENST00000252108,11,118359600,118399211,GRCh38,1,TTGAGAAGGATCGAGGTGAATGGGATAGTCTGACTCCAGAAGCCCGCCGA,0,GAAAAGGAGGCTGGCCTACAGATGTTTGGACAGCTGGCACGTTTCCATAA,0,16,0,175,77,26916,107,84,-,0.65,gRNA_-_84_107,[],CGG,True,GGCCAGCCTCCTTTTCTCGG,20,True
ENST00000252108,11,118359600,118399211,GRCh38,1,AAATTGAGAAGGATCGAGGTGAATGGGATAGTCTGACTCCAGAAGCCCGC,0,CGAGAAAAGGAGGCTGGCCTACAGATGTTTGGACAGCTGGCACGTTTCCA,0,16,0,175,76,26913,108,85,-,0.65,gRNA_-_85_108,[],GGG,True,GCCAGCCTCCTTTTCTCGGC,20,True
ENST00000252108,11,118359600,118399211,GRCh38,1,TTCAGCAAATTGAGAAGGATCGAGGTGAATGGGATAGTCTGACTCCAGAA,0,GCCCGCCGAGAAAAGGAGGCTGGCCTACAGATGTTTGGACAGCTGGCACG,0,16,0,175,69,26907,115,92,-,0.6,gRNA_-_92_115,[],TGG,True,TCCTTTTCTCGGCGGGCTTC,20,True
ENST00000252108,11,118359600,118399211,GRCh38,1,CAGAGACTTTGGATTCTTTTCCAGAGATCAAGTCACTCTTTGTGCATCCC,0,TTCCTGGCTGAGCGCATCATCTCCATGTTGAACTACTTCCTGCAACACCT,0,17,2,181,27,30151,36,13,+,0.5,gRNA_+_13_36,[],TGG,True,ACTCTTTGTGCATCCCTTCC,20,True
ENST00000252108,11,118359600,118399211,GRCh38,1,ATCCCTTCCTGGCTGAGCGCATCATCTCCATGTTGAACTACTTCCTGCAA,0,CACCTGGTTGGCCCCAAGATGGGTGCCTTAAAAGTCAAGGACTTCAGCGA,0,17,2,181,72,30196,81,58,+,0.5,gRNA_+_58_81,[],TGG,True,GAACTACTTCCTGCAACACC,20,True
ENST00000252108,11,118359600,118399211,GRCh38,1,TCCTGGCTGAGCGCATCATCTCCATGTTGAACTACTTCCTGCAACACCTG,0,GTTGGCCCCAAGATGGGTGCCTTAAAAGTCAAGGACTTCAGCGAATTTGA,0,17,2,181,76,30202,85,62,+,0.5,gRNA_+_62_85,[],TGG,True,TACTTCCTGCAACACCTGGT,20,True
ENST00000252108,11,118359600,118399211,GRCh38,1,AGCGCATCATCTCCATGTTGAACTACTTCCTGCAACACCTGGTTGGCCCC,0,AAGATGGGTGCCTTAAAAGTCAAGGACTTCAGCGAATTTGACTTCAAACC,0,17,2,181,87,30211,96,73,+,0.6,gRNA_+_73_96,[],TGG,True,ACACCTGGTTGGCCCCAAGA,20,True
ENST00000252108,11,118359600,118399211,GRCh38,1,GCATCATCTCCATGTTGAACTACTTCCTGCAACACCTGGTTGGCCCCAAG,0,ATGGGTGCCTTAAAAGTCAAGGACTTCAGCGAATTTGACTTCAAACCCCA,0,17,2,181,88,30214,97,74,+,0.6,gRNA_+_74_97,[],GGG,True,CACCTGGTTGGCCCCAAGAT,20,True
ENST00000252108,11,118359600,118399211,GRCh38,1,TGAACTACTTCCTGCAACACCTGGTTGGCCCCAAGATGGGTGCCTTAAAA,0,GTCAAGGACTTCAGCGAATTTGACTTCAAACCCCAGCAGCTTGTATCAGA,0,17,2,181,105,30229,114,91,+,0.45,gRNA_+_91_114,[],AGG,True,GATGGGTGCCTTAAAAGTCA,20,True
ENST00000252108,11,118359600,118399211,GRCh38,1,ACTTCAAACCCCAGCAGCTTGTATCAGATATCTGCACTATCTACTTAAAT,0,CTTGGGTACCTGAGATTGAAATCTGTCAAGCCAGAGGGGATGCTGTTTTG,0,17,2,181,175,30301,184,161,+,0.3,gRNA_+_161_184,[],TGG,True,TGCACTATCTACTTAAATCT,20,True
ENST00000252108,11,118359600,118399211,GRCh38,1,ACTTCAAACCCCAGCAGCTTGTATCAGATATCTGCACTATCTACTTAAAT,0,CTTGGGTACCTGAGATTGAAATCTGTCAAGCCAGAGGGGATGCTGTTTTG,0,17,2,181,176,30301,185,162,+,0.3,gRNA_+_162_185,[],GGG,True,GCACTATCTACTTAAATCTT,20,True
ENST00000252108,11,118359600,118399211,GRCh38,1,GTGCCTTAAAAGTCAAGGACTTCAGCGAATTTGACTTCAAACCCCAGCAG,0,CTTGTATCAGATATCTGCACTATCTACTTAAATCTTGGGTACCTGAGATT,0,17,2,181,142,30268,48,25,-,0.4,gRNA_-_25_48,[],TGG,True,AGATATCTGATACAAGCTGC,20,True
ENST00000252108,11,118359600,118399211,GRCh38,1,TGGGTGCCTTAAAAGTCAAGGACTTCAGCGAATTTGACTTCAAACCCCAG,0,CAGCTTGTATCAGATATCTGCACTATCTACTTAAATCTTGGGTACCTGAG,0,17,2,181,141,30265,49,26,-,0.4,gRNA_-_26_49,[],GGG,True,GATATCTGATACAAGCTGCT,20,True
ENST00000252108,11,118359600,118399211,GRCh38,1,TGGGTGCCTTAAAAGTCAAGGACTTCAGCGAATTTGACTTCAAACCCCAG,0,CAGCTTGTATCAGATATCTGCACTATCTACTTAAATCTTGGGTACCTGAG,0,17,2,181,140,30265,50,27,-,0.4,gRNA_-_27_50,[],GGG,True,ATATCTGATACAAGCTGCTG,20,True
ENST00000252108,11,118359600,118399211,GRCh38,1,TGTTGAACTACTTCCTGCAACACCTGGTTGGCCCCAAGATGGGTGCCTTA,0,AAAGTCAAGGACTTCAGCGAATTTGACTTCAAACCCCAGCAGCTTGTATC,0,17,2,181,102,30226,88,65,-,0.4,gRNA_-_65_88,[],AGG,True,GCTGAAGTCCTTGACTTTTA,20,True
ENST00000252108,11,118359600,118399211,GRCh38,1,GCATCATCTCCATGTTGAACTACTTCCTGCAACACCTGGTTGGCCCCAAG,0,ATGGGTGCCTTAAAAGTCAAGGACTTCAGCGAATTTGACTTCAAACCCCA,0,17,2,181,90,30214,100,77,-,0.45,gRNA_-_77_100,[],TGG,True,GACTTTTAAGGCACCCATCT,20,True
ENST00000252108,11,118359600,118399211,GRCh38,1,GCATCATCTCCATGTTGAACTACTTCCTGCAACACCTGGTTGGCCCCAAG,0,ATGGGTGCCTTAAAAGTCAAGGACTTCAGCGAATTTGACTTCAAACCCCA,0,17,2,181,89,30214,101,78,-,0.4,gRNA_-_78_101,[],GGG,True,ACTTTTAAGGCACCCATCTT,20,True
ENST00000252108,11,118359600,118399211,GRCh38,1,GCATCATCTCCATGTTGAACTACTTCCTGCAACACCTGGTTGGCCCCAAG,0,ATGGGTGCCTTAAAAGTCAAGGACTTCAGCGAATTTGACTTCAAACCCCA,0,17,2,181,88,30214,102,79,-,0.45,gRNA_-_79_102,[],GGG,True,CTTTTAAGGCACCCATCTTG,20,True
ENST00000252108,11,118359600,118399211,GRCh38,1,TGGCTGAGCGCATCATCTCCATGTTGAACTACTTCCTGCAACACCTGGTT,0,GGCCCCAAGATGGGTGCCTTAAAAGTCAAGGACTTCAGCGAATTTGACTT,0,17,2,181,79,30205,111,88,-,0.65,gRNA_-_88_111,[],AGG,True,CACCCATCTTGGGGCCAACC,20,True
ENST00000252108,11,118359600,118399211,GRCh38,1,ATCCCTTCCTGGCTGAGCGCATCATCTCCATGTTGAACTACTTCCTGCAA,0,CACCTGGTTGGCCCCAAGATGGGTGCCTTAAAAGTCAAGGACTTCAGCGA,0,17,2,181,70,30196,120,97,-,0.65,gRNA_-_97_120,[],AGG,True,TGGGGCCAACCAGGTGTTGC,20,True
ENST00000252108,11,118359600,118399211,GRCh38,1,TCAAGTCACTCTTTGTGCATCCCTTCCTGGCTGAGCGCATCATCTCCATG,0,TTGAACTACTTCCTGCAACACCTGGTTGGCCCCAAGATGGGTGCCTTAAA,0,17,2,181,54,30178,136,113,-,0.4,gRNA_-_113_136,[],TGG,True,TTGCAGGAAGTAGTTCAACA,20,True
ENST00000252108,11,118359600,118399211,GRCh38,1,TGGATTCTTTTCCAGAGATCAAGTCACTCTTTGTGCATCCCTTCCTGGCT,0,GAGCGCATCATCTCCATGTTGAACTACTTCCTGCAACACCTGGTTGGCCC,0,17,2,181,34,30160,156,133,-,0.6,gRNA_-_133_156,[],AGG,True,TGGAGATGATGCGCTCAGCC,20,True
ENST00000252108,11,118359600,118399211,GRCh38,1,AGACTTTGGATTCTTTTCCAGAGATCAAGTCACTCTTTGTGCATCCCTTC,0,CTGGCTGAGCGCATCATCTCCATGTTGAACTACTTCCTGCAACACCTGGT,0,17,2,181,30,30154,160,137,-,0.6,gRNA_-_137_160,[],AGG,True,GATGATGCGCTCAGCCAGGA,20,True
ENST00000252108,11,118359600,118399211,GRCh38,1,AGACTTTGGATTCTTTTCCAGAGATCAAGTCACTCTTTGTGCATCCCTTC,0,CTGGCTGAGCGCATCATCTCCATGTTGAACTACTTCCTGCAACACCTGGT,0,17,2,181,29,30154,161,138,-,0.55,gRNA_-_138_161,[],GGG,True,ATGATGCGCTCAGCCAGGAA,20,True
ENST00000252108,11,118359600,118399211,GRCh38,1,TTTTCTGATGCTAATGTTCCAGGGATGAGGAGAATTTCTGTGCCACTGTG,0,CCCAAGGATGGACGTTCCTATTCCCCAACTCTCTTTGCACAGACAGTTCG,0,18,1,148,29,31085,38,15,+,0.55,gRNA_+_15_38,[],AGG,True,TTTCTGTGCCACTGTGCCCA,20,True
ENST00000252108,11,118359600,118399211,GRCh38,1,GATGCTAATGTTCCAGGGATGAGGAGAATTTCTGTGCCACTGTGCCCAAG,0,GATGGACGTTCCTATTCCCCAACTCTCTTTGCACAGACAGTTCGAGTCTT,0,18,1,148,33,31091,42,19,+,0.6,gRNA_+_19_42,[],TGG,True,TGTGCCACTGTGCCCAAGGA,20,True
ENST00000252108,11,118359600,118399211,GRCh38,1,CCCCAACTCTCTTTGCACAGACAGTTCGAGTCTTGAAGAAAATAAATAAG,0,CCTGGGAATATGATTATGGCTTTCAGCAACTTGGCAGAGAGAATCAAGGT,0,18,1,148,99,31157,108,85,+,0.25,gRNA_+_85_108,[],TGG,True,TTGAAGAAAATAAATAAGCC,20,True
ENST00000252108,11,118359600,118399211,GRCh38,1,CCCCAACTCTCTTTGCACAGACAGTTCGAGTCTTGAAGAAAATAAATAAG,0,CCTGGGAATATGATTATGGCTTTCAGCAACTTGGCAGAGAGAATCAAGGT,0,18,1,148,100,31157,109,86,+,0.25,gRNA_+_86_109,[],GGG,True,TGAAGAAAATAAATAAGCCT,20,True
ENST00000252108,11,118359600,118399211,GRCh38,1,TTGCACAGACAGTTCGAGTCTTGAAGAAAATAAATAAGCCTGGGAATATG,0,ATTATGGCTTTCAGCAACTTGGCAGAGAGAATCAAGGTGAGGAAGAGGAG,0,18,1,148,113,31169,122,99,+,0.35,gRNA_+_99_122,[],TGG,True,TAAGCCTGGGAATATGATTA,20,True
ENST00000252108,11,118359600,118399211,GRCh38,1,GAGTCTTGAAGAAAATAAATAAGCCTGGGAATATGATTATGGCTTTCAGC,0,AACTTGGCAGAGAGAATCAAGGTGAGGAAGAGGAGGAATTGTTTGCTGAT,0,18,1,148,128,31184,137,114,+,0.4,gRNA_+_114_137,[],TGG,True,GATTATGGCTTTCAGCAACT,20,True
ENST00000252108,11,118359600,118399211,GRCh38,1,TAAATAAGCCTGGGAATATGATTATGGCTTTCAGCAACTTGGCAGAGAGA,0,ATCAAGGTGAGGAAGAGGAGGAATTGTTTGCTGATTTCATTAAGAACCAC,0,18,1,148,143,31199,152,129,+,0.45,gRNA_+_129_152,[],AGG,True,CAACTTGGCAGAGAGAATCA,20,True
ENST00000252108,11,118359600,118399211,GRCh38,1,CTCTCTTTGCACAGACAGTTCGAGTCTTGAAGAAAATAAATAAGCCTGGG,0,AATATGATTATGGCTTTCAGCAACTTGGCAGAGAGAATCAAGGTGAGGAA,0,18,1,148,106,31163,51,28,-,0.35,gRNA_-_28_51,[],AGG,True,AAAGCCATAATCATATTCCC,20,True
ENST00000252108,11,118359600,118399211,GRCh38,1,AGAATTTCTGTGCCACTGTGCCCAAGGATGGACGTTCCTATTCCCCAACT,0,CTCTTTGCACAGACAGTTCGAGTCTTGAAGAAAATAAATAAGCCTGGGAA,0,18,1,148,58,31115,99,76,-,0.45,gRNA_-_76_99,[],TGG,True,ACTGTCTGTGCAAAGAGAGT,20,True
ENST00000252108,11,118359600,118399211,GRCh38,1,AGAATTTCTGTGCCACTGTGCCCAAGGATGGACGTTCCTATTCCCCAACT,0,CTCTTTGCACAGACAGTTCGAGTCTTGAAGAAAATAAATAAGCCTGGGAA,0,18,1,148,57,31115,100,77,-,0.45,gRNA_-_77_100,[],GGG,True,CTGTCTGTGCAAAGAGAGTT,20,True
ENST00000252108,11,118359600,118399211,GRCh38,1,AGGAGAATTTCTGTGCCACTGTGCCCAAGGATGGACGTTCCTATTCCCCA,0,ACTCTCTTTGCACAGACAGTTCGAGTCTTGAAGAAAATAAATAAGCCTGG,0,18,1,148,56,31112,101,78,-,0.45,gRNA_-_78_101,[],GGG,True,TGTCTGTGCAAAGAGAGTTG,20,True
ENST00000252108,11,118359600,118399211,GRCh38,1,GGGATGAGGAGAATTTCTGTGCCACTGTGCCCAAGGATGGACGTTCCTAT,0,TCCCCAACTCTCTTTGCACAGACAGTTCGAGTCTTGAAGAAAATAAATAA,0,18,1,148,50,31106,107,84,-,0.45,gRNA_-_84_107,[],AGG,True,TGCAAAGAGAGTTGGGGAAT,20,True
ENST00000252108,11,118359600,118399211,GRCh38,1,GATGCTAATGTTCCAGGGATGAGGAGAATTTCTGTGCCACTGTGCCCAAG,0,GATGGACGTTCCTATTCCCCAACTCTCTTTGCACAGACAGTTCGAGTCTT,0,18,1,148,35,31091,122,99,-,0.5,gRNA_-_99_122,[],TGG,True,GGAATAGGAACGTCCATCCT,20,True
ENST00000252108,11,118359600,118399211,GRCh38,1,GATGCTAATGTTCCAGGGATGAGGAGAATTTCTGTGCCACTGTGCCCAAG,0,GATGGACGTTCCTATTCCCCAACTCTCTTTGCACAGACAGTTCGAGTCTT,0,18,1,148,34,31091,123,100,-,0.45,gRNA_-_100_123,[],GGG,True,GAATAGGAACGTCCATCCTT,20,True
ENST00000252108,11,118359600,118399211,GRCh38,1,TTTTTTTCTGATGCTAATGTTCCAGGGATGAGGAGAATTTCTGTGCCACT,0,GTGCCCAAGGATGGACGTTCCTATTCCCCAACTCTCTTTGCACAGACAGT,0,18,1,148,26,31082,131,108,-,0.6,gRNA_-_108_131,[],TGG,True,ACGTCCATCCTTGGGCACAG,20,True
ENST00000252108,11,118359600,118399211,GRCh38,1,TTCACTTTAACTACCAGATGTTGTATACTCAGTCTCTTGCAGACCTCCAA,0,CAACAGGAAGAGGAAACCTATGCAGATGCCTGTGATGAGTTCCTGGATCC,0,19,0,158,19,33156,28,5,+,0.5,gRNA_+_5_28,[],AGG,True,TCTTGCAGACCTCCAACAAC,20,True
ENST00000252108,11,118359600,118399211,GRCh38,1,TTAACTACCAGATGTTGTATACTCAGTCTCTTGCAGACCTCCAACAACAG,0,GAAGAGGAAACCTATGCAGATGCCTGTGATGAGTTCCTGGATCCCATTAT,0,19,0,158,25,33162,34,11,+,0.5,gRNA_+_11_34,[],AGG,True,AGACCTCCAACAACAGGAAG,20,True
ENST00000252108,11,118359600,118399211,GRCh38,1,CAGACCTCCAACAACAGGAAGAGGAAACCTATGCAGATGCCTGTGATGAG,0,TTCCTGGATCCCATTATGAGCACACTGATGTGTGACCCTGTGGTGCTGCC,0,19,0,158,58,33195,67,44,+,0.5,gRNA_+_44_67,[],TGG,True,AGATGCCTGTGATGAGTTCC,20,True
ENST00000252108,11,118359600,118399211,GRCh38,1,ATGCCTGTGATGAGTTCCTGGATCCCATTATGAGCACACTGATGTGTGAC,0,CCTGTGGTGCTGCCATCTTCCAGAGTCACTGTGGATAGATCCACCATTGC,0,19,0,158,94,33231,103,80,+,0.55,gRNA_+_80_103,[],TGG,True,CACACTGATGTGTGACCCTG,20,True
ENST00000252108,11,118359600,118399211,GRCh38,1,TTATGAGCACACTGATGTGTGACCCTGTGGTGCTGCCATCTTCCAGAGTC,0,ACTGTGGATAGATCCACCATTGCAAGACATTTGCTCAGGTAGGCCAGTCC,0,19,0,158,121,33258,130,107,+,0.55,gRNA_+_107_130,[],TGG,True,GCCATCTTCCAGAGTCACTG,20,True
ENST00000252108,11,118359600,118399211,GRCh38,1,TGCCATCTTCCAGAGTCACTGTGGATAGATCCACCATTGCAAGACATTTG,0,CTCAGGTAGGCCAGTCCCAAAAACAGACTCAAGAGCATATATATATATTA,0,19,0,158,153,33291,162,139,+,0.45,gRNA_+_139_162,[],AGG,True,CCATTGCAAGACATTTGCTC,20,True
ENST00000252108,11,118359600,118399211,GRCh38,1,ACCCTGTGGTGCTGCCATCTTCCAGAGTCACTGTGGATAGATCCACCATT,0,GCAAGACATTTGCTCAGGTAGGCCAGTCCCAAAAACAGACTCAAGAGCAT,0,19,0,158,142,33279,25,2,-,0.45,gRNA_-_2_25,[],TGG,True,CCTGAGCAAATGTCTTGCAA,20,True
ENST00000252108,11,118359600,118399211,GRCh38,1,GTGACCCTGTGGTGCTGCCATCTTCCAGAGTCACTGTGGATAGATCCACC,0,ATTGCAAGACATTTGCTCAGGTAGGCCAGTCCCAAAAACAGACTCAAGAG,0,19,0,158,139,33276,28,5,-,0.45,gRNA_-_5_28,[],TGG,True,GAGCAAATGTCTTGCAATGG,20,True
ENST00000252108,11,118359600,118399211,GRCh38,1,CCATTATGAGCACACTGATGTGTGACCCTGTGGTGCTGCCATCTTCCAGA,0,GTCACTGTGGATAGATCCACCATTGCAAGACATTTGCTCAGGTAGGCCAG,0,19,0,158,118,33255,49,26,-,0.5,gRNA_-_26_49,[],TGG,True,GGATCTATCCACAGTGACTC,20,True
ENST00000252108,11,118359600,118399211,GRCh38,1,TGGATCCCATTATGAGCACACTGATGTGTGACCCTGTGGTGCTGCCATCT,0,TCCAGAGTCACTGTGGATAGATCCACCATTGCAAGACATTTGCTCAGGTA,0,19,0,158,111,33249,56,33,-,0.5,gRNA_-_33_56,[],TGG,True,TCCACAGTGACTCTGGAAGA,20,True
ENST00000252108,11,118359600,118399211,GRCh38,1,GTGATGAGTTCCTGGATCCCATTATGAGCACACTGATGTGTGACCCTGTG,0,GTGCTGCCATCTTCCAGAGTCACTGTGGATAGATCCACCATTGCAAGACA,0,19,0,158,99,33237,68,45,-,0.6,gRNA_-_45_68,[],AGG,True,CTGGAAGATGGCAGCACCAC,20,True
ENST00000252108,11,118359600,118399211,GRCh38,1,GTGATGAGTTCCTGGATCCCATTATGAGCACACTGATGTGTGACCCTGTG,0,GTGCTGCCATCTTCCAGAGTCACTGTGGATAGATCCACCATTGCAAGACA,0,19,0,158,98,33237,69,46,-,0.55,gRNA_-_46_69,[],GGG,True,TGGAAGATGGCAGCACCACA,20,True
ENST00000252108,11,118359600,118399211,GRCh38,1,AGGAAGAGGAAACCTATGCAGATGCCTGTGATGAGTTCCTGGATCCCATT,0,ATGAGCACACTGATGTGTGACCCTGTGGTGCTGCCATCTTCCAGAGTCAC,0,19,0,158,73,33210,94,71,-,0.4,gRNA_-_71_94,[],TGG,True,ACACATCAGTGTGCTCATAA,20,True
ENST00000252108,11,118359600,118399211,GRCh38,1,AGGAAGAGGAAACCTATGCAGATGCCTGTGATGAGTTCCTGGATCCCATT,0,ATGAGCACACTGATGTGTGACCCTGTGGTGCTGCCATCTTCCAGAGTCAC,0,19,0,158,72,33210,95,72,-,0.4,gRNA_-_72_95,[],GGG,True,CACATCAGTGTGCTCATAAT,20,True
ENST00000252108,11,118359600,118399211,GRCh38,1,AACAACAGGAAGAGGAAACCTATGCAGATGCCTGTGATGAGTTCCTGGAT,0,CCCATTATGAGCACACTGATGTGTGACCCTGTGGTGCTGCCATCTTCCAG,0,19,0,158,65,33204,102,79,-,0.5,gRNA_-_79_102,[],AGG,True,GTGTGCTCATAATGGGATCC,20,True
ENST00000252108,11,118359600,118399211,GRCh38,1,CTCTTGCAGACCTCCAACAACAGGAAGAGGAAACCTATGCAGATGCCTGT,0,GATGAGTTCCTGGATCCCATTATGAGCACACTGATGTGTGACCCTGTGGT,0,19,0,158,52,33189,115,92,-,0.55,gRNA_-_92_115,[],AGG,True,GGGATCCAGGAACTCATCAC,20,True
ENST00000252108,11,118359600,118399211,GRCh38,1,TGTATACTCAGTCTCTTGCAGACCTCCAACAACAGGAAGAGGAAACCTAT,0,GCAGATGCCTGTGATGAGTTCCTGGATCCCATTATGAGCACACTGATGTG,0,19,0,158,40,33177,127,104,-,0.5,gRNA_-_104_127,[],AGG,True,CTCATCACAGGCATCTGCAT,20,True
ENST00000252108,11,118359600,118399211,GRCh38,1,ACTTTAACTACCAGATGTTGTATACTCAGTCTCTTGCAGACCTCCAACAA,0,CAGGAAGAGGAAACCTATGCAGATGCCTGTGATGAGTTCCTGGATCCCAT,0,19,0,158,20,33159,147,124,-,0.45,gRNA_-_124_147,[],TGG,True,AGGTTTCCTCTTCCTGTTGT,20,True
ENST00000252108,11,118359600,118399211,GRCh38,1,TTCACTTTAACTACCAGATGTTGTATACTCAGTCTCTTGCAGACCTCCAA,0,CAACAGGAAGAGGAAACCTATGCAGATGCCTGTGATGAGTTCCTGGATCC,0,19,0,158,17,33156,150,127,-,0.45,gRNA_-_127_150,[],AGG,True,TTTCCTCTTCCTGTTGTTGG,20,True
