Ensemble_ID,Ensemble_ref,Ensemble_chr,Terminus,gRNA_protospacer,gRNA_pam,gRNA_strand,n-th_coding_exon/all,gRNACut_in_cds,gRNACut_in_chr,HDR_Lflank,HDR_Rflank,Rounds_relax_of_primer_criteria,Primer Pair 1 For,Primer Pair 1 Rev,Primer Pair 1 For tm,Primer Pair 1 Rev tm,Primer Pair 1 Prod Size,Primer Pair 2 For,Primer Pair 2 Rev,Primer Pair 2 For tm,Primer Pair 2 Rev tm,Primer Pair 2 Prod Size,Primer Pair 3 For,Primer Pair 3 Rev,Primer Pair 3 For tm,Primer Pair 3 Rev tm,Primer Pair 3 Prod Size
ENST00000263736,GRCh38,2,C-terminus,ATACTCATAACACCCGAATG,AGG,-,20/20,277,45389323,AAAGAAGAGAAGAAGCCTTGGACTGGGCCCCGGAGAAAGAGTGGAAGTCCAAGTACTCAACATTGACATCCCCCGATCTAGGATTACTCTGGACCTCATT,CGGGTGTTATGAGTATCCCACGAAGGCCAGACGCTGATTTTATTTTCTCATTTCCACAGATTGACAAGGATAAGTCAGTTGTTTGTAAACTCTAGGTAGC,0,TCCTTGTCAATCTGTGGAAATGA,TGCCTGGAAGATCTGCAGAT,58.02,58.79,313,TCCTTGTCAATCTGTGGAAATGA,ATGCCTGGAAGATCTGCAGA,58.02,58.79,314,CCTTGTCAATCTGTGGAAATGAGA,TGCCTGGAAGATCTGCAGAT,58.99,58.79,312
ENST00000263736,GRCh38,2,C-terminus,GATTACTCTGGACCTCATTC,GGG,+,20/20,276,45389324,AACAAAGAAGAGAAGAAGCCTTGGACTGGGCCCCGGAGAAAGAGTGGAAGTCCAAGTACTCAACATTGACATCCCCCGATCTAGGATTACTCTGGACCTC,ATTCGGGTGTTATGAGTATCCCACGAAGGCCAGACGCTGATTTTATTTTCTCATTTCCACAGATTGACAAGGATAAGTCAGTTGTTTGTAAACTCTAGGT,0,TCCTTGTCAATCTGTGGAAATGA,TGCCTGGAAGATCTGCAGAT,58.02,58.79,313,TCCTTGTCAATCTGTGGAAATGA,ATGCCTGGAAGATCTGCAGA,58.02,58.79,314,CCTTGTCAATCTGTGGAAATGAGA,TGCCTGGAAGATCTGCAGAT,58.99,58.79,312
ENST00000370339,GRCh38,20,C-terminus,AGAGTCGAAACAAACAATGA,GGG,+,5/5,24,63196711,GCCTCGGATCTCACTTTTGGGAGGGATTCATTGGTGTGGTTACTCTGCGTTCAACTTTTGTTTTTTCTTTTTACAGGAACGGCAGAGTCGAAACAAACAA,TGAGGGCGAACCAGTTTCTTACATGTTCTAACGTTTGACTTTGAAAACAGTTTAAAACACGTGTGCTTGGTCAGCTCCAGTGTGTCGTCCCGTGCGGGGG,0,GACACACTGGAGCTGACCAA,GTAGAGGGGGTGGGGAGAAT,59.89,60.03,330,GACACACTGGAGCTGACCAA,TAGAGGGGGTGGGGAGAATG,59.89,60.03,329,ACACACTGGAGCTGACCAAG,GTAGAGGGGGTGGGGAGAAT,59.89,60.03,329
ENST00000370339,GRCh38,20,C-terminus,CAGAGTCGAAACAAACAATG,AGG,+,5/5,23,63196712,GCCTCGGATCTCACTTTTGGGAGGGATTCATTGGTGTGGTTACTCTGCGTTCAACTTTTGTTTTTTCTTTTTACAGGAACGGCAGAGTCGAAACAAACAA,TGAGGGCGAACCAGTTTCTTACATGTTCTAACGTTTGACTTTGAAAACAGTTTAAAACACGTGTGCTTGGTCAGCTCCAGTGTGTCGTCCCGTGCGGGGG,0,GACACACTGGAGCTGACCAA,GTAGAGGGGGTGGGGAGAAT,59.89,60.03,330,GACACACTGGAGCTGACCAA,TAGAGGGGGTGGGGAGAATG,59.89,60.03,329,ACACACTGGAGCTGACCAAG,GTAGAGGGGGTGGGGAGAAT,59.89,60.03,329
ENST00000264221,GRCh38,4,C-terminus,CACATGGATTTCCTTGAAGC,AGG,+,9/9,129,56459501,AGAAGGATCAGCTCAATTTGCTGCTCAGATATTTGGGTTAAGCAACCATTTGGTATGGAGCAAACTGCGAGCAAGCATTTTGAACACATGGATTTCCTTG,AAGCAGGCTGACAAGAAAATCAGAGAATGTAATTTATAAGAAAGAATGCCATTGAATTTTTTAGGGGAAAAACTACAAATTTCTAATTTAGCTGAAGGAA,0,AGGTCTTGGCTGTTCAACCG,GGAGGGGTTAGATGCTCATGT,60.54,59.23,341,AGGTCTTGGCTGTTCAACCG,AGGAGGGGTTAGATGCTCATG,60.54,58.95,342,GGTCTTGGCTGTTCAACCGT,GGAGGGGTTAGATGCTCATGT,60.82,59.23,340
ENST00000264221,GRCh38,4,C-terminus,TTTCTTGTCAGCCTGCTTCA,AGG,-,9/9,129,56459501,AGAAGGATCAGCTCAATTTGCTGCTCAGATATTTGGGTTAAGCAACCATTTGGTATGGAGCAAACTGCGAGCAAGCATTTTGAACACATGGATTTCCTTG,AAGCAGGCTGACAAGAAAATCAGAGAATGTAATTTATAAGAAAGAATGCCATTGAATTTTTTAGGGGAAAAACTACAAATTTCTAATTTAGCTGAAGGAA,0,AGGTCTTGGCTGTTCAACCG,GGAGGGGTTAGATGCTCATGT,60.54,59.23,341,AGGTCTTGGCTGTTCAACCG,AGGAGGGGTTAGATGCTCATG,60.54,58.95,342,GGTCTTGGCTGTTCAACCGT,GGAGGGGTTAGATGCTCATGT,60.82,59.23,340
ENST00000623063,GRCh38,22,C-terminus,ACCATATGAAAGCGTGATGA,AGG,+,13/13,58,40366494,TCTTAACATTTTCTTTTGTCTTGTATTTGCTTTCCTCTGGCAGGTGCAGAGATTCTTAGAAGAGGAGGTGTATCCCCTGTTAAAACCATATGAAAGCGTG,ATGAAGGTGAAAGCAGAATTATGTCTGTAGAGTTGGAAGAGAATTAAACGAAAATCATTGTTAATTGCTGAGGCATGAAAATTGTGTTACTATAATGCCT,0,TTTGCTTTCCTCTGGCAGGT,GCAGAGTCAACTTCAACGCTC,59.81,59.81,301,TTTGCTTTCCTCTGGCAGGT,GAGCAGAGTCAACTTCAACGC,59.81,59.81,303,TTTGCTTTCCTCTGGCAGGT,AGCAGAGTCAACTTCAACGCT,59.81,60.2,302
ENST00000623063,GRCh38,22,C-terminus,ACCTTCATCACGCTTTCATA,TGG,-,13/13,48,40366484,CTGCTAATATCTTAACATTTTCTTTTGTCTTGTATTTGCTTTCCTCTGGCAGGTGCAGAGATTCTTAGAAGAGGAGGTGTATCCCCTGTTAAAACCATAT,GAAAGCGTGATGAAGGTGAAAGCAGAATTATGTCTGTAGAGTTGGAAGAGAATTAAACGAAAATCATTGTTAATTGCTGAGGCATGAAAATTGTGTTACT,0,TTTGCTTTCCTCTGGCAGGT,GCAGAGTCAACTTCAACGCTC,59.81,59.81,301,TTTGCTTTCCTCTGGCAGGT,GAGCAGAGTCAACTTCAACGC,59.81,59.81,303,TTTGCTTTCCTCTGGCAGGT,AGCAGAGTCAACTTCAACGCT,59.81,60.2,302
ENST00000360426,GRCh38,20,N-terminus,GGGTCAACAGGCTTATACAT,TGG,-,1/11,24,49154010,CCAGAAAAAAACAGTTCTTTGTCGATTCTTTCTTGCAGAAAGCATAACCCCTACTGTAGAACTAAATGCACTGTGCATGAAACTTGGAAAAAAACCAATG,TATAAGCCTGTTGACCCTTACTCTCGGATGCAGTCCACCTATAACTACAACATGAGAGGAGGTGCTTATCCCCCGAGGTATGTGTTTTTTTTTTTTTTTT,0,GGGGGATAAGCACCTCCTCT,TTTTGTGCTGTCGACTGTGT,60.4,58.27,343,TACCTCGGGGGATAAGCACC,TTTTGTGCTGTCGACTGTGT,60.76,58.27,349,AAAACACATACCTCGGGGGA,CCTTGTCTGATGCCTAGCAGT,58.64,59.79,301
ENST00000360426,GRCh38,20,N-terminus,ATCCGAGAGTAAGGGTCAAC,AGG,-,1/11,36,49153998,AGTTCTTTGTCGATTCTTTCTTGCAGAAAGCATAACCCCTACTGTAGAACTAAATGCACTGTGCATGAAACTTGGAAAAAAACCAATGTATAAGCCTGTT,GACCCTTACTCTCGGATGCAGTCCACCTATAACTACAACATGAGAGGAGGTGCTTATCCCCCGAGGTATGTGTTTTTTTTTTTTTTTTTTTGTAAAATAC,0,GGGGGATAAGCACCTCCTCT,TTTTGTGCTGTCGACTGTGT,60.4,58.27,343,TACCTCGGGGGATAAGCACC,TTTTGTGCTGTCGACTGTGT,60.76,58.27,349,AAAACACATACCTCGGGGGA,CCTTGTCTGATGCCTAGCAGT,58.64,59.79,301
ENST00000373886,GRCh38,10,N,GGGCTCTCCCTGGGCGGCCA,TGG,-,1/21,4,58513148,GCGGCGCTGGGAGCCAGTTGAGCCCGGCCGGCGAGCGGAGGCGGCAGCGCAGGCAGAGCGGCGGCGGCAGCGGGAGCCCGAGCGCTGCGCGCCCACCATG,GCCGCCCAGGGAGAGCCCGGCTACCTGGCGGCGCAGTCGGACCCCGGCTCCAACAGCGAGCGCAGCACCGACTCCCCAGTGCCCGGCTCCGAGGACGACT,0,CTGGGAGCCAGTTGAGCC,GAACACGAGGGATGCCTACC,60.05,60.18,300,CTGGGAGCCAGTTGAGCC,GTCCGAGAACACGAGGGATG,60.05,60.18,306,CTGGGAGCCAGTTGAGCC,AGTCCGAGAACACGAGGGAT,60.05,60.32,307
ENST00000373886,GRCh38,10,N,CGCGCCCACCATGGCCGCCC,AGG,+,1/21,7,58513151,GCGCTGGGAGCCAGTTGAGCCCGGCCGGCGAGCGGAGGCGGCAGCGCAGGCAGAGCGGCGGCGGCAGCGGGAGCCCGAGCGCTGCGCGCCCACCATGGCC,GCCCAGGGAGAGCCCGGCTACCTGGCGGCGCAGTCGGACCCCGGCTCCAACAGCGAGCGCAGCACCGACTCCCCAGTGCCCGGCTCCGAGGACGACTTGG,0,CTGGGAGCCAGTTGAGCC,GAACACGAGGGATGCCTACC,60.05,60.18,300,CTGGGAGCCAGTTGAGCC,GTCCGAGAACACGAGGGATG,60.05,60.18,306,CTGGGAGCCAGTTGAGCC,AGTCCGAGAACACGAGGGAT,60.05,60.32,307
ENST00000339438,GRCh38,1,C,GAAAGAAAGATCCGTCAAGC,TGG,+,17/17,29,114718188,AGTGAATGTACTATGATTGTTGTGCGCTCAAATCATTAACTGCAGGGTTTTTTTTTTCTCCCCCCCACAGGGGTTTGGTGCAGAAAGAAAGATCCGTCAA,GCTGGTGTCATTGACTAACCACATCCACAAAGCACACCATTAATCCACTATGATCAAGTTGGGGGGAATCTGGTGAAGGGTTCTGAATATCTCCCTCTTC,0,TGACACCAGCTTGACGGATC,TACACATTGGTTCAGCCCCC,60.04,59.96,300,GGTGTGCTTTGTGGATGTGG,TACACATTGGTTCAGCCCCC,59.69,59.96,328,GGTGTGCTTTGTGGATGTGG,TGGTTCAGCCCCCTAACCTA,59.69,59.88,321
ENST00000339438,GRCh38,1,C,AGTCAATGACACCAGCTTGA,CGG,-,17/17,29,114718188,AGTGAATGTACTATGATTGTTGTGCGCTCAAATCATTAACTGCAGGGTTTTTTTTTTCTCCCCCCCACAGGGGTTTGGTGCAGAAAGAAAGATCCGTCAA,GCTGGTGTCATTGACTAACCACATCCACAAAGCACACCATTAATCCACTATGATCAAGTTGGGGGGAATCTGGTGAAGGGTTCTGAATATCTCCCTCTTC,0,TGACACCAGCTTGACGGATC,TACACATTGGTTCAGCCCCC,60.04,59.96,300,GGTGTGCTTTGTGGATGTGG,TACACATTGGTTCAGCCCCC,59.69,59.96,328,GGTGTGCTTTGTGGATGTGG,TGGTTCAGCCCCCTAACCTA,59.69,59.88,321
ENST00000427183,GRCh38,2,N,GCCAGCGGTCTCTCTCTGCA,AGG,-,1/26,11,241267638,ACTGAGGCTGCTTTTTCCTGTCACGCAGCTACCACTTATAACCACCTGGTTAAGTCGAGATTTGGAGGTGGTTTAGTTTGGGGCCTGGATGCACCTTGCA,GAGAGAGACCGCTGGCTTTTTGTAGCAACTGTCATGATGCATTTTGTAAGCATTAAGAGGTGTGTGGTGAGCAAATTGACAGAATAACCAAGGTCGCTGT,0,AAAAGCCAGCGGTCTCTCTC,CTTTCGGAGCCCATATCCCG,60.04,60.32,303,CCAGGCTCCAGGCATAGATC,GTTCTGTCCCACACCTGGAG,59.68,59.96,338,CCAGGCTCCAGGCATAGATC,GAGTTCTGTCCCACACCTGG,59.68,59.96,340
ENST00000427183,GRCh38,2,N,ACCTTGCAGAGAGAGACCGC,TGG,+,1/26,21,241267628,GCTTTTTCCTGTCACGCAGCTACCACTTATAACCACCTGGTTAAGTCGAGATTTGGAGGTGGTTTAGTTTGGGGCCTGGATGCACCTTGCAGAGAGAGAC,CGCTGGCTTTTTGTAGCAACTGTCATGATGCATTTTGTAAGCATTAAGAGGTGTGTGGTGAGCAAATTGACAGAATAACCAAGGTCGCTGTTAGGAGAAC,0,AGACACAGTCAACACCACCC,GCGCAATTTGTGGGTCTGTT,59.82,59.97,343,AGACACAGTCAACACCACCC,GCACTGAGGCTGCTTTTTCC,59.82,60.04,309,AGACACAGTCAACACCACCC,GGCTGCTTTTTCCTGTCACG,59.82,60.04,302
ENST00000336314,GRCh38,5,C,CACTCGAACACACAGACTTT,GGG,+,19/19,197,154814084,CAGGCCTGCTGCCATGATCAGCCAACCCCCTACACCACCCACCGGCCAGCCTGTCCGGGAAGATGCCAAATGGACAAGCCAGCACTCGAACACACAGACT,TTGGGAAAGTGAAAAGCTCCTTAGCCCTGGGGCTTGAGGGGGGAAAGGGGTAGGGTGGGTAAGAGTCCATGGGGGTGCCCAGTCCCAGGAAAGGGGACAA,0,AAGCGACACTCAGTGGTAGC,CAGCACAAAGGCCTGTCCTA,60.04,59.96,314,AAGCGACACTCAGTGGTAGC,GCACAAAGGCCTGTCCTAGT,60.04,59.96,312,GATCAGCCAACCCCCTACAC,CATGGAGAGAGGAGGGGGAA,60.11,60.03,312
ENST00000336314,GRCh38,5,C,GCACTCGAACACACAGACTT,TGG,+,19/19,196,154814083,CAGCAGGCCTGCTGCCATGATCAGCCAACCCCCTACACCACCCACCGGCCAGCCTGTCCGGGAAGATGCCAAATGGACAAGCCAGCACTCGAACACACAG,ACTTTGGGAAAGTGAAAAGCTCCTTAGCCCTGGGGCTTGAGGGGGGAAAGGGGTAGGGTGGGTAAGAGTCCATGGGGGTGCCCAGTCCCAGGAAAGGGGA,0,AAGCGACACTCAGTGGTAGC,CAGCACAAAGGCCTGTCCTA,60.04,59.96,314,AAGCGACACTCAGTGGTAGC,GCACAAAGGCCTGTCCTAGT,60.04,59.96,312,GATCAGCCAACCCCCTACAC,CATGGAGAGAGGAGGGGGAA,60.11,60.03,312
ENST00000329713,GRCh38,15,C,CCATCCGCATCTTTTCTTAA,AGG,+,2/2,1451,82043163,CCTCTTCTGCATGGAGTGCGCCAATCGCATCTGTGAGAAGAGCGAGCCCGAGTGCCCGGTCTGCCACACCGCGGTCACTCAGGCCATCCGCATCTTTTCT,TAAAGGCAGCGGGCGCTGCTAGTGCGCACCGTGCTGGGGGAAGGGGGAACCCCTCCCCACCCTCTTTCCCCAGCGCTCGCCTGCCTCCCTGGGTGCCCCC,0,TCCAAGCTCCTCTCGGATCT,TCGAGAGCGAAGTGATTGCC,59.74,60.46,300,CTTTCCAAGCTCCTCTCGGA,TCGAGAGCGAAGTGATTGCC,59.1,60.46,303,GAAGGAGAAGGGAGAGGGGG,TCTTCGTCCAGCTCCTCCTC,60.69,60.68,342
ENST00000329713,GRCh38,15,C,GCTGCCTTTAAGAAAAGATG,CGG,-,2/2,1444,82043170,CCACAACCTCTTCTGCATGGAGTGCGCCAATCGCATCTGTGAGAAGAGCGAGCCCGAGTGCCCGGTCTGCCACACCGCGGTCACTCAGGCCATCCGCATC,TTTTCTTAAAGGCAGCGGGCGCTGCTAGTGCGCACCGTGCTGGGGGAAGGGGGAACCCCTCCCCACCCTCTTTCCCCAGCGCTCGCCTGCCTCCCTGGGT,0,TCCAAGCTCCTCTCGGATCT,TCGAGAGCGAAGTGATTGCC,59.74,60.46,300,CTTTCCAAGCTCCTCTCGGA,TCGAGAGCGAAGTGATTGCC,59.1,60.46,303,GAAGGAGAAGGGAGAGGGGG,TCTTCGTCCAGCTCCTCCTC,60.69,60.68,342
ENST00000539517,GRCh38,14,C,GCTGCCAATCCTCAGAAAGT,GGG,+,5/5,995,26447969,AACCATTACTGGAACACCAGCTGCAACACAGGCTGCTCAATATTTAATTACACAAAGGATCACATATGAGCAAGGAGTTCGGGCTGCCAATCCTCAGAAA,GTGGGTTGAGTGCCCCAGTTACACATCAGATTGTTTTAACCCCTCCTTTACCCCATTTTCAAGAAGGATGTACTGTACTTTGCAGAAGTGAAGTTTTTCT,0,ACACATTGTCAACATAGTCGCA,GGAGTTGACTGGTGCAAGGA,58.6,59.89,322,ACACATTGTCAACATAGTCGCA,AGGAGTTGACTGGTGCAAGG,58.6,59.89,323,ACACATTGTCAACATAGTCGCAT,GGAGTTGACTGGTGCAAGGA,59.0,59.89,322
ENST00000539517,GRCh38,14,C,GGCTGCCAATCCTCAGAAAG,TGG,+,5/5,994,26447970,GGTAACCATTACTGGAACACCAGCTGCAACACAGGCTGCTCAATATTTAATTACACAAAGGATCACATATGAGCAAGGAGTTCGGGCTGCCAATCCTCAG,AAAGTGGGTTGAGTGCCCCAGTTACACATCAGATTGTTTTAACCCCTCCTTTACCCCATTTTCAAGAAGGATGTACTGTACTTTGCAGAAGTGAAGTTTT,0,ACACATTGTCAACATAGTCGCA,GGAGTTGACTGGTGCAAGGA,58.6,59.89,322,ACACATTGTCAACATAGTCGCA,AGGAGTTGACTGGTGCAAGG,58.6,59.89,323,ACACATTGTCAACATAGTCGCAT,GGAGTTGACTGGTGCAAGGA,59.0,59.89,322
ENST00000303577,GRCh38,2,N,TTCAGTCACACCGGCATCCA,TGG,-,1/1,4,70087748,GGCAGTTTTGGGCCTACACCTCCCCTCCCCCCGCCAGCCGCCAAAGACTTGACCACGTAACGAGCCCAACTCCCCCGAACGCCGCCCGCCGCTCGCCATG,GATGCCGGTGTGACTGAAAGTGGACTAAATGTGACTCTCACCATTCGGCTTCTTATGCACGGAAAGGAAGTAGGAAGCATCATTGGGAAGAAAGGGGAGT,0,ACTTGACCACGTAACGAGCC,GCGGTACTGTTGGTCATGGA,60.32,60.04,326,CCACGTAACGAGCCCAACT,GCGGTACTGTTGGTCATGGA,60.01,60.04,320,GACCACGTAACGAGCCCAA,GCGGTACTGTTGGTCATGGA,60.01,60.04,322
ENST00000303577,GRCh38,2,N,TAGTCCACTTTCAGTCACAC,CGG,-,1/1,13,70087757,GGGCCTACACCTCCCCTCCCCCCGCCAGCCGCCAAAGACTTGACCACGTAACGAGCCCAACTCCCCCGAACGCCGCCCGCCGCTCGCCATGGATGCCGGT,GTGACTGAAAGTGGACTAAATGTGACTCTCACCATTCGGCTTCTTATGCACGGAAAGGAAGTAGGAAGCATCATTGGGAAGAAAGGGGAGTCGGTTAAGA,0,ACTTGACCACGTAACGAGCC,GCGGTACTGTTGGTCATGGA,60.32,60.04,326,CCACGTAACGAGCCCAACT,GCGGTACTGTTGGTCATGGA,60.01,60.04,320,GACCACGTAACGAGCCCAA,GCGGTACTGTTGGTCATGGA,60.01,60.04,322
ENST00000257075,GRCh38,1,C,CCCCCTAATGGTATCATCTG,AGG,+,21/21,128,30933215,GTACACCTATGGCAAGCACATTCTGGCCAAGCTGGAGAAGTACTACATGAAGAACGGTGTTGACTTAGGGCCCATCTGTGGCCCCCCTAATGGTATCATC,TGAGGCAGTGTCACCCGCTGTTCCCTCATTCCCGCTGACCTCACTGGCCCACTGGCAAATCCAACCAGCAACCAGAAATGTTCTAGTGTAGAGTCTGAGA,0,TGCCCGTCTCAGACTCTACA,CAAATGCATGTCCGGGAAGC,59.96,60.18,309,TGCCCGTCTCAGACTCTACA,GCAAATGCATGTCCGGGAAG,59.96,60.18,310,GGTTGCTGGTTGGATTTGCC,GGTGTGTGTGTGTGTGTGTG,60.32,59.83,346
ENST00000257075,GRCh38,1,C,CTGCCTCAGATGATACCATT,AGG,-,21/21,120,30933223,TCTTCGTAAGTACACCTATGGCAAGCACATTCTGGCCAAGCTGGAGAAGTACTACATGAAGAACGGTGTTGACTTAGGGCCCATCTGTGGCCCCCCTAAT,GGTATCATCTGAGGCAGTGTCACCCGCTGTTCCCTCATTCCCGCTGACCTCACTGGCCCACTGGCAAATCCAACCAGCAACCAGAAATGTTCTAGTGTAG,0,TGCCCGTCTCAGACTCTACA,CAAATGCATGTCCGGGAAGC,59.96,60.18,309,TGCCCGTCTCAGACTCTACA,GCAAATGCATGTCCGGGAAG,59.96,60.18,310,GGTTGCTGGTTGGATTTGCC,GGTGTGTGTGTGTGTGTGTG,60.32,59.83,346
ENST00000338086,GRCh38,2,N,AAGCTCTTGCATTAGAATCT,CGG,+,1/20,33,20327328,ACAGGTTTGATCTGTGGATGAAATGAATCATGATTTTCAAGCTCTTGCATTAGAA,TCTCGGGGAATGGGAGAGGTAAATGTTTGCAAATACTAAGAACTTACACCTCACTTTATTTTGAGCCATTGTAACTTATTTTTTTTTTTTAACCATCTCC,0,TACCTCTCCCATTCCCCGAG,GCCTTCACATAGTTGTTGGCA,60.11,59.11,312,TTACCTCTCCCATTCCCCGA,GCCTTCACATAGTTGTTGGCA,59.66,59.11,313,CCTCTCCCATTCCCCGAGAT,GCCTTCACATAGTTGTTGGCA,60.47,59.11,310
ENST00000338086,GRCh38,2,N,AGCTCTTGCATTAGAATCTC,GGG,+,1/20,34,20327327,ACAGGTTTGATCTGTGGATGAAATGAATCATGATTTTCAAGCTCTTGCATTAGAA,TCTCGGGGAATGGGAGAGGTAAATGTTTGCAAATACTAAGAACTTACACCTCACTTTATTTTGAGCCATTGTAACTTATTTTTTTTTTTTAACCATCTCC,0,TACCTCTCCCATTCCCCGAG,CACATAGTTGTTGGCACACAGA,60.11,59.12,307,TACCTCTCCCATTCCCCGAG,TCACATAGTTGTTGGCACACAG,60.11,59.12,308,TACCTCTCCCATTCCCCGAG,CCTTCACATAGTTGTTGGCACA,60.11,59.12,311
ENST00000263736,GRCh38,2,C,ATACTCATAACACCCGAATG,AGG,-,20/20,277,45389323,AAAGAAGAGAAGAAGCCTTGGACTGGGCCCCGGAGAAAGAGTGGAAGTCCAAGTACTCAACATTGACATCCCCCGATCTAGGATTACTCTGGACCTCATT,CGGGTGTTATGAGTATCCCACGAAGGCCAGACGCTGATTTTATTTTCTCATTTCCACAGATTGACAAGGATAAGTCAGTTGTTTGTAAACTCTAGGTAGC,0,TCCTTGTCAATCTGTGGAAATGA,TGCCTGGAAGATCTGCAGAT,58.02,58.79,313,TCCTTGTCAATCTGTGGAAATGA,ATGCCTGGAAGATCTGCAGA,58.02,58.79,314,CCTTGTCAATCTGTGGAAATGAGA,TGCCTGGAAGATCTGCAGAT,58.99,58.79,312
ENST00000263736,GRCh38,2,C,GATTACTCTGGACCTCATTC,GGG,+,20/20,276,45389324,AACAAAGAAGAGAAGAAGCCTTGGACTGGGCCCCGGAGAAAGAGTGGAAGTCCAAGTACTCAACATTGACATCCCCCGATCTAGGATTACTCTGGACCTC,ATTCGGGTGTTATGAGTATCCCACGAAGGCCAGACGCTGATTTTATTTTCTCATTTCCACAGATTGACAAGGATAAGTCAGTTGTTTGTAAACTCTAGGT,0,TCCTTGTCAATCTGTGGAAATGA,TGCCTGGAAGATCTGCAGAT,58.02,58.79,313,TCCTTGTCAATCTGTGGAAATGA,ATGCCTGGAAGATCTGCAGA,58.02,58.79,314,CCTTGTCAATCTGTGGAAATGAGA,TGCCTGGAAGATCTGCAGAT,58.99,58.79,312
ENST00000251091,GRCh38,14,C,CTTCAGCTTCTAGATGGTGG,AGG,-,11/11,21,54788937,GTGCATGGCGTTGGCATAGGTGGGCACGAACTGGATTGTTTTGCTCACCTGTGCCCATCGTTTGCTGCTTTCTCTCCCAGACGGGGTTGACCGGACCTCC,ACCATCTAGAAGCTGAAGACGAGAGTGACCGCGCTGGCCGTGAAATCGACTGCTGCGGGTCCAGTGTCCGCCATCTTCAGGGTTGCACAGAATCCTCCAA,0,CTGCTTTCTCTCCCAGACGG,CCCCCCTCCCAGTCTCATAA,60.11,60.03,321,TGCTGCTTTCTCTCCCAGAC,CCCCCCTCCCAGTCTCATAA,59.68,60.03,323,TTGTTTTGCTCACCTGTGCC,CCCCCCTCCCAGTCTCATAA,59.54,60.03,350
ENST00000251091,GRCh38,14,C,GCTTCTAGATGGTGGAGGTC,CGG,-,11/11,16,54788932,ACCGTGCATGGCGTTGGCATAGGTGGGCACGAACTGGATTGTTTTGCTCACCTGTGCCCATCGTTTGCTGCTTTCTCTCCCAGACGGGGTTGACCGGACC,TCCACCATCTAGAAGCTGAAGACGAGAGTGACCGCGCTGGCCGTGAAATCGACTGCTGCGGGTCCAGTGTCCGCCATCTTCAGGGTTGCACAGAATCCTC,0,CTGCTTTCTCTCCCAGACGG,CCCCCCTCCCAGTCTCATAA,60.11,60.03,321,TGCTGCTTTCTCTCCCAGAC,CCCCCCTCCCAGTCTCATAA,59.68,60.03,323,TTGTTTTGCTCACCTGTGCC,CCCCCCTCCCAGTCTCATAA,59.54,60.03,350
ENST00000381337,GRCh38,16,C,AAATGAAAATGACTTCTCAT,AGG,+,4/4,402,20736885,AAAACCAACGTCTAATCCACAGGTGGTAAATGAGGGAGGAGCCAAACCTGAACTTGCAAGTCAAGCCACAGAAGGATCCAAGTCAAATGAAAATGACTTC,TCATAGGAAGTCATTTGGTGTTGGAGGTGGGTTTCTCACCTGGGGCTCTACGAGATGTTGCTGGGGCTCCACCTTAAATTGTGACTAAAAACAGTTTTTT,0,GTTAACAGGGCTGCGCAATC,TCTGCGGACAAATCAGACCA,60.18,59.32,348,GCCCCAGCAACATCTCGTAG,CCCTAAGGATCCGTCACAGC,60.81,59.89,314,GCCCCAGCAACATCTCGTAG,GCCCTAAGGATCCGTCACAG,60.81,59.89,315
ENST00000381337,GRCh38,16,C,GAAGTCATTTTCATTTGACT,TGG,-,4/4,384,20736903,TGAGGAGCTGGGGCAGACAAAACCAACGTCTAATCCACAGGTGGTAAATGAGGGAGGAGCCAAACCTGAACTTGCAAGTCAAGCCACAGAAGGATCCAAG,TCAAATGAAAATGACTTCTCATAGGAAGTCATTTGGTGTTGGAGGTGGGTTTCTCACCTGGGGCTCTACGAGATGTTGCTGGGGCTCCACCTTAAATTGT,0,GTTAACAGGGCTGCGCAATC,TCTGCGGACAAATCAGACCA,60.18,59.32,348,GCCCCAGCAACATCTCGTAG,CCCTAAGGATCCGTCACAGC,60.81,59.89,314,GCCCCAGCAACATCTCGTAG,GCCCTAAGGATCCGTCACAG,60.81,59.89,315
ENST00000400968,GRCh38,1,C,CGGCTTTGATACTGGAGCTC,TGG,+,8/8,112,193084691,TCCAGCTAAATTGATTGTTTGTGGAATGACATCAAATGGTTTCACCATTGCAGACCCAGATGATAGAGGCATGTTGGATATGTGCGGCTTTGATACTGGA,GCTCTGGATGTAATTCGAAATTTCACATTAGATATGATTTAACCATAAGCAGCAGCACGATCCAGAGATCCATTGCCATCAGTGATCTCACTAAAAATAT,0,GGTTTCACCATTGCAGACCC,TCCTGAAGCTATTTCCCCAAGA,59.4,58.81,319,GGTTTCACCATTGCAGACCC,TCCTGAAGCTATTTCCCCAAGAG,59.4,59.8,319,TTCACCATTGCAGACCCAGA,TCCTGAAGCTATTTCCCCAAGA,59.23,58.81,316
ENST00000400968,GRCh38,1,C,GATATGTGCGGCTTTGATAC,TGG,+,8/8,104,193084683,GGATATTCCAGCTAAATTGATTGTTTGTGGAATGACATCAAATGGTTTCACCATTGCAGACCCAGATGATAGAGGCATGTTGGATATGTGCGGCTTTGAT,ACTGGAGCTCTGGATGTAATTCGAAATTTCACATTAGATATGATTTAACCATAAGCAGCAGCACGATCCAGAGATCCATTGCCATCAGTGATCTCACTAA,0,GGTTTCACCATTGCAGACCC,TCCTGAAGCTATTTCCCCAAGA,59.4,58.81,319,GGTTTCACCATTGCAGACCC,TCCTGAAGCTATTTCCCCAAGAG,59.4,59.8,319,TTCACCATTGCAGACCCAGA,TCCTGAAGCTATTTCCCCAAGA,59.23,58.81,316
ENST00000355665,GRCh38,4,N,CTCCCGACTGTCAGCCGCCA,TGG,-,1/16,4,68349750,GACGGACGGGCCCGTGCTTCTGCCGCGGCTGCGGCGCCCGCGCGAGTCGCGTCTAAGCGGCGGCGGCGGTGGCAGCGGCGGAAACCGAAGGGGAGCCATG,GCGGCTGACAGTCGGGAGGAGAAAGGTTAGTGCGGAGAAAGATGACGGGCCGAGGCGAGGCTGGGGCCCGGGAGTGGGGTGATGGAGCAGTGGTCGTCGT,0,CCGTCATCTTTCTCCGCACT,TCGCCATCTGTTTCCCTTCC,60.11,60.04,329,CCGTCATCTTTCTCCGCACT,TTCCCTCCCCCATACCTAGC,60.11,60.1,313,ACCTTTCTCCTCCCGACTGT,TCGCCATCTGTTTCCCTTCC,60.18,60.04,308
ENST00000355665,GRCh38,4,N,GAGCCATGGCGGCTGACAGT,CGG,+,1/16,12,68349742,GCCCGTGCTTCTGCCGCGGCTGCGGCGCCCGCGCGAGTCGCGTCTAAGCGGCGGCGGCGGTGGCAGCGGCGGAAACCGAAGGGGAGCCATGGCGGCTGAC,AGTCGGGAGGAGAAAGGTTAGTGCGGAGAAAGATGACGGGCCGAGGCGAGGCTGGGGCCCGGGAGTGGGGTGATGGAGCAGTGGTCGTCGTTGGGGGTGG,0,CCGTCATCTTTCTCCGCACT,TCGCCATCTGTTTCCCTTCC,60.11,60.04,329,CCGTCATCTTTCTCCGCACT,TTCCCTCCCCCATACCTAGC,60.11,60.1,313,ACCTTTCTCCTCCCGACTGT,TCGCCATCTGTTTCCCTTCC,60.18,60.04,308
ENST00000370339,GRCh38,20,C,AGAGTCGAAACAAACAATGA,GGG,+,5/5,24,63196711,GCCTCGGATCTCACTTTTGGGAGGGATTCATTGGTGTGGTTACTCTGCGTTCAACTTTTGTTTTTTCTTTTTACAGGAACGGCAGAGTCGAAACAAACAA,TGAGGGCGAACCAGTTTCTTACATGTTCTAACGTTTGACTTTGAAAACAGTTTAAAACACGTGTGCTTGGTCAGCTCCAGTGTGTCGTCCCGTGCGGGGG,0,GACACACTGGAGCTGACCAA,GTAGAGGGGGTGGGGAGAAT,59.89,60.03,330,GACACACTGGAGCTGACCAA,TAGAGGGGGTGGGGAGAATG,59.89,60.03,329,ACACACTGGAGCTGACCAAG,GTAGAGGGGGTGGGGAGAAT,59.89,60.03,329
ENST00000370339,GRCh38,20,C,CAGAGTCGAAACAAACAATG,AGG,+,5/5,23,63196712,GCCTCGGATCTCACTTTTGGGAGGGATTCATTGGTGTGGTTACTCTGCGTTCAACTTTTGTTTTTTCTTTTTACAGGAACGGCAGAGTCGAAACAAACAA,TGAGGGCGAACCAGTTTCTTACATGTTCTAACGTTTGACTTTGAAAACAGTTTAAAACACGTGTGCTTGGTCAGCTCCAGTGTGTCGTCCCGTGCGGGGG,0,GACACACTGGAGCTGACCAA,GTAGAGGGGGTGGGGAGAAT,59.89,60.03,330,GACACACTGGAGCTGACCAA,TAGAGGGGGTGGGGAGAATG,59.89,60.03,329,ACACACTGGAGCTGACCAAG,GTAGAGGGGGTGGGGAGAAT,59.89,60.03,329
ENST00000254821,GRCh38,1,C,TAGTGTTTTCACCAATCACC,TGG,-,10/10,6,71065747,CTTACCACTTCTGCAAATTTTTATCTTAGCCACATATAATCCCCCTAGTTTGTTGTCATCTAAACTTAATGAACATGTTCTCTATTCCATAAGCCAGGTG,ATTGGTGAAAACACTAAACAACCCTGAGCCCAGGGCCAACCCCTACGGAACACCACTACTTTACCCAGGTTGATATTGACTTATTCATACTAGCTGCATG,0,CTGGGCTCAGGGTTGTTTAGT,TTGCTGGGTTCAGTGGTAGG,59.93,59.6,309,TGGGCTCAGGGTTGTTTAGT,TTGCTGGGTTCAGTGGTAGG,58.85,59.6,308,CTGGGCTCAGGGTTGTTTAGT,TGCTGGGTTCAGTGGTAGGA,59.93,60.47,308
ENST00000368471,GRCh38,1,C,GATAAAAGTTCTTTTCCTCC,TGG,-,14/14,207,154584837,GGCCAAGAAAGCTGCCCGTGACTACGAGACGGCCAAGAACTACTTCAAAAAAGGCCTGAAGGATATGGGCTATGGGAACTGGATTAGCAAACCCCAGGAG,GAAAAGAACTTTTATCTCTGCCCAGTATAGTATGCTCCAGTGACAGATGGATTAGGGTGTGTCATACTAGGGTGTGAGAGAGGTAGGTCGTAGCATTCCT,0,CCCCTGACCATGTGATGAGG,TGTCCCGGGTCTCCAAAAAG,59.82,59.89,311,CCCCTGACCATGTGATGAGG,GAATTGTCCCGGGTCTCCAA,59.82,59.67,315,CCCCTGACCATGTGATGAGG,CGGAATGAATTGTCCCGGGT,59.82,60.39,321
ENST00000368471,GRCh38,1,C,ATAAAAGTTCTTTTCCTCCT,GGG,-,14/14,206,154584838,TGAGGCCAAGAAAGCTGCCCGTGACTACGAGACGGCCAAGAACTACTTCAAAAAAGGCCTGAAGGATATGGGCTATGGGAACTGGATTAGCAAACCCCAG,GAGGAAAAGAACTTTTATCTCTGCCCAGTATAGTATGCTCCAGTGACAGATGGATTAGGGTGTGTCATACTAGGGTGTGAGAGAGGTAGGTCGTAGCATT,0,CCCCTGACCATGTGATGAGG,TGTCCCGGGTCTCCAAAAAG,59.82,59.89,311,CCCCTGACCATGTGATGAGG,GAATTGTCCCGGGTCTCCAA,59.82,59.67,315,CCCCTGACCATGTGATGAGG,CGGAATGAATTGTCCCGGGT,59.82,60.39,321
ENST00000596459,GRCh38,19,C,GAGTTATTTGTGGGACTTGT,TGG,-,5/5,311,7963497,TGTGACCATGACAAACTATGAAGAAGCCGCGATGGCCATAGCCAGCCTGAACGGCTACCGCCTGGGGGACAAAATCTTACAGGTTTCCTTCAAAACCAAC,AAGTCCCACAAATAACTCGCTCATGCTTTTTTTTGTACGGAATAGATAATTAAGAGTGAAGGAGTTGAAACTTTTCTTGTTAGTGTACAACTCATTTTGC,0,ATGTCGGTTGCATCCCAGAG,ATCCGCGACTTCAACACCAA,60.11,60.25,317,ATGTCGGTTGCATCCCAGAG,AGTGATCCGCGACTTCAACA,60.11,59.68,321,ATGTCGGTTGCATCCCAGAG,TGTGAAAGTGATCCGCGACT,60.11,59.68,327
ENST00000596459,GRCh38,19,C,GTGGGACTTGTTGGTTTTGA,AGG,-,5/5,302,7963506,GTTTGGCTTTGTGACCATGACAAACTATGAAGAAGCCGCGATGGCCATAGCCAGCCTGAACGGCTACCGCCTGGGGGACAAAATCTTACAGGTTTCCTTC,AAAACCAACAAGTCCCACAAATAACTCGCTCATGCTTTTTTTTGTACGGAATAGATAATTAAGAGTGAAGGAGTTGAAACTTTTCTTGTTAGTGTACAAC,0,ATGTCGGTTGCATCCCAGAG,ATCCGCGACTTCAACACCAA,60.11,60.25,317,ATGTCGGTTGCATCCCAGAG,AGTGATCCGCGACTTCAACA,60.11,59.68,321,ATGTCGGTTGCATCCCAGAG,TGTGAAAGTGATCCGCGACT,60.11,59.68,327
ENST00000360384,GRCh38,9,C,TATAGTGTGAAGCAGTATTC,TGG,+,15/15,12,83969369,CGCACTTTTTTTTCTTTTCTTTTATAGTGTGAAGCAGTATGCAGATGTTGAAGGATTCTAATGCAAGATATTTTTTCTTTTTTATAGTGTGAAGCAGTAT,TCTGGAAAGTTTTTCTAAGACTAGTGAAGAACTGAAGGAGTCCTGCATCTTTTTTTTTTTATCTGCTTCTGTTTAAAAAGCCAACATTCCTCTGCTTCAT,0,CCCCCCAACCCTGTTTGTAA,ACGAGCAAAAATTCTAATTCGCAC,59.81,59.15,303,CCCCCCAACCCTGTTTGTAA,ACGAGCAAAAATTCTAATTCGCA,59.81,57.96,303,CCCCCCAACCCTGTTTGTAA,CGAGCAAAAATTCTAATTCGCACT,59.81,58.91,302
ENST00000325495,GRCh38,19,N,CGCGGAGAAAATGGCGGCAG,GGG,+,1/16,7,8445006,ACACAAAGCCCAGACGCGGAGAAAATGGCG,GCAGGGGTCGAAGCGGCGGCGGAGGTGGCGGCGACGGAGATCAAAATGGAGGAAGAGAGCGGCGCGCCCGGCGTGCCGAGCGGCAACGGGGCTCCGGGCC,0,GAGAAGCGATCAACAGCTGC,GCAAAGGACCGTGGGATACT,59.63,59.75,321,GAGAAGCGATCAACAGCTGC,GAGAGGAACCCTTACCCGTG,59.63,59.46,341,GAGAAGCGATCAACAGCTGC,GAACCCTTACCCGTGGCAAA,59.63,60.54,336
ENST00000325495,GRCh38,19,N,AATGGCGGCAGGGGTCGAAG,CGG,+,1/16,16,8445015,ACACAAAGCCCAGACGCGGAGAAAATGGCGGCAGGGGTC,GAAGCGGCGGCGGAGGTGGCGGCGACGGAGATCAAAATGGAGGAAGAGAGCGGCGCGCCCGGCGTGCCGAGCGGCAACGGGGCTCCGGGCCCTAAGGGGT,0,GATCAACAGCTGCCGGTCT,GCAAAGGACCGTGGGATACT,60.08,59.75,314,GATCAACAGCTGCCGGTCT,GAGAGGAACCCTTACCCGTG,60.08,59.46,334,GATCAACAGCTGCCGGTCT,GAACCCTTACCCGTGGCAAA,60.08,60.54,329
ENST00000298717,GRCh38,14,N,AGACTAGGATGTCGGACACG,TGG,+,1/11,9,21511215,CGCGTGAGAATTGGCTATATCCTGGAGCGAGTGCTGGGAGGTGCTAGTCCGCCGCGCCTTATTCGAGAGGTGTCAGGGCTGGGAGACTAGGATGTCGGAC,ACGTGGAGCTCTATCCAGGCCCACAAGAAGCAGCTGGACTCTCTGCGGGAGAGGCTGCAGCGGAGGCGGAAGCAGGACTCGGGGCACTTGGGTGAGGCAC,0,GATAGAGCTCCACGTGTCCG,GTCACCAACATGGCAACCAC,59.97,59.97,304,GATAGAGCTCCACGTGTCCG,CACCAACATGGCAACCACAG,59.97,59.97,302,GATAGAGCTCCACGTGTCCG,AGTCACCAACATGGCAACCA,59.97,60.11,305
ENST00000298717,GRCh38,14,N,GGACACGTGGAGCTCTATCC,AGG,+,1/11,22,21511202,GGCTATATCCTGGAGCGAGTGCTGGGAGGTGCTAGTCCGCCGCGCCTTATTCGAGAGGTGTCAGGGCTGGGAGACTAGGATGTCGGACACGTGGAGCTCT,ATCCAGGCCCACAAGAAGCAGCTGGACTCTCTGCGGGAGAGGCTGCAGCGGAGGCGGAAGCAGGACTCGGGGCACTTGGGTGAGGCACTGGGCTGTTGGG,0,AGTCCAGCTGCTTCTTGTGG,ACTGTGTCCGGAAGCATGAG,60.25,60.04,303,AGTCCAGCTGCTTCTTGTGG,CTCACTGTGTCCGGAAGCAT,60.25,60.04,306,GGCAGTGACTCTGGAGCTTT,CCAGGGGTCATTTTCCGGTT,59.96,60.25,309
ENST00000264670,GRCh38,5,C,CGGCGGGGGTCCATCCACCC,CGG,+,19/19,298,6599935,GACTGAGGGACAGAGAGCAGGAGAGCCCAACAGCCCAGATGCAGAAGAGGCCAACAGTCCAGACGTGACAGCAGGCTGTGACCCGGCGGGGGTCCATCCA,CCCCGGTGAGCAGGCCCAAGGCAGCGGGGGCCCACACCCCTCACACGCAAAACTGGCTTCTTCTGGTCACTGGTGTCTGAAACCAAATCCAGAGCAGCCT,0,CCCACCAGTCTGCAGTCATT,GATGGGGCTGGAGGTATTGG,59.96,59.89,337,GATCCCACCAGTCTGCAGTC,GATGGGGCTGGAGGTATTGG,60.11,59.89,340,AGGCTCCTATGATCCCACCA,GATGGGGCTGGAGGTATTGG,59.73,59.89,350
ENST00000264670,GRCh38,5,C,GGCCTGCTCACCGGGGTGGA,TGG,-,19/19,297,6599936,GACTGAGGGACAGAGAGCAGGAGAGCCCAACAGCCCAGATGCAGAAGAGGCCAACAGTCCAGACGTGACAGCAGGCTGTGACCCGGCGGGGGTCCATCCA,CCCCGGTGAGCAGGCCCAAGGCAGCGGGGGCCCACACCCCTCACACGCAAAACTGGCTTCTTCTGGTCACTGGTGTCTGAAACCAAATCCAGAGCAGCCT,0,CCCACCAGTCTGCAGTCATT,GATGGGGCTGGAGGTATTGG,59.96,59.89,337,GATCCCACCAGTCTGCAGTC,GATGGGGCTGGAGGTATTGG,60.11,59.89,340,AGGCTCCTATGATCCCACCA,GATGGGGCTGGAGGTATTGG,59.73,59.89,350
ENST00000379052,GRCh38,6,N,GAAGATGCACACGACCCAGA,AGG,+,1/4,13,17281595,GCGGGAGACGCGGAGCCGGAGGAGGAGGCGCAGCCGCTGCCCGAGCCGCAGCCGCAGCCGGAGCCCGAGCCGCGGGGCGGGTGCGAAGATGCACACGACC,CAGAAGGACACGACGTACACCAAGATCTTCGTCGGGGGGCTGCCCTACCACACCACCGACGCCAGCCTGCGCAAGTACTTCGAGGTCTTCGGCGAGATCG,0,CGAAAGGGTGCGGGAGAC,CTCACTCCAAGCTCCCGATC,60.43,59.9,341,CGAAAGGGTGCGGGAGAC,CACTCCAAGCTCCCGATCC,60.43,59.86,339,CGAAAGGGTGCGGGAGAC,TCACTCCAAGCTCCCGATCC,60.43,61.33,340
ENST00000379052,GRCh38,6,N,GGTGTACGTCGTGTCCTTCT,GGG,-,1/4,16,17281598,GGAGACGCGGAGCCGGAGGAGGAGGCGCAGCCGCTGCCCGAGCCGCAGCCGCAGCCGGAGCCCGAGCCGCGGGGCGGGTGCGAAGATGCACACGACCCAG,AAGGACACGACGTACACCAAGATCTTCGTCGGGGGGCTGCCCTACCACACCACCGACGCCAGCCTGCGCAAGTACTTCGAGGTCTTCGGCGAGATCGAGG,0,CGAAAGGGTGCGGGAGAC,CTCACTCCAAGCTCCCGATC,60.43,59.9,341,CGAAAGGGTGCGGGAGAC,CACTCCAAGCTCCCGATCC,60.43,59.86,339,CGAAAGGGTGCGGGAGAC,TCACTCCAAGCTCCCGATCC,60.43,61.33,340
ENST00000254193,GRCh38,15,C,AAGAAGACACAGTCACAAAC,GGG,+,9/9,47,101281736,GGGAATGGATTCTCTAAAATTGATACTACTTTTGCTTTGGTGGTTTTCTTTAGGGCCCACTGATGATGGTGAAGAAGAGATGGAAGAAGACACAGTCACA,AACGGGTCCTGAGCAGTGAGGCAGATGTATAATAATAGGCCCTCTTGGAACAAGTCTTGCTTTTCGAACATGGTATAATAGCCTTGTTTGTGTTAGCAAA,0,AGACTTGTTCCAAGAGGGCC,GCATCCCTTCCAGTACCTGC,59.6,60.46,300,AAGACTTGTTCCAAGAGGGCC,CATCCCTTCCAGTACCTGCC,60.2,59.82,300,GACTTGTTCCAAGAGGGCCT,GAGCATCCCTTCCAGTACCTG,59.6,59.86,301
ENST00000254193,GRCh38,15,C,GAAGAAGACACAGTCACAAA,CGG,+,9/9,46,101281737,GGGAATGGATTCTCTAAAATTGATACTACTTTTGCTTTGGTGGTTTTCTTTAGGGCCCACTGATGATGGTGAAGAAGAGATGGAAGAAGACACAGTCACA,AACGGGTCCTGAGCAGTGAGGCAGATGTATAATAATAGGCCCTCTTGGAACAAGTCTTGCTTTTCGAACATGGTATAATAGCCTTGTTTGTGTTAGCAAA,0,AGACTTGTTCCAAGAGGGCC,GCATCCCTTCCAGTACCTGC,59.6,60.46,300,AAGACTTGTTCCAAGAGGGCC,CATCCCTTCCAGTACCTGCC,60.2,59.82,300,GACTTGTTCCAAGAGGGCCT,GAGCATCCCTTCCAGTACCTG,59.6,59.86,301
ENST00000258962,GRCh38,17,N,AATCACACCACCTCCCGACA,TGG,-,1/4,4,58007134,GGGCCGCGGGAGACGTGGTGCCGCTGCGGGCTCGCTCTGCCGTGCGCTAGGCTTGGTGGGAAGGCCTGTTCTCGAGTCCGCGCTTTTCGTCACCGCCATG,TCGGGAGGTGGTGTGATTCGTGGCCCCGCAGGGAACAACGATTGCCGCATCTACGTGGGTAACTTACCTCCAGACATCCGAACCAAGGACATTGAGGACG,0,GAGGTCGATGTCGCGGATAG,GAATCGCTGTTTCCTTCCGC,60.11,59.9,320,TCGAACTCAACGAAGGCGAA,TCTGTCTCCCCCCCATATCC,59.97,59.81,335,TCGAACTCAACGAAGGCGAA,CCTCTGTCTCCCCCCCATAT,59.97,59.81,337
ENST00000258962,GRCh38,17,N,GTCACCGCCATGTCGGGAGG,TGG,+,1/4,8,58007130,CGGGAGACGTGGTGCCGCTGCGGGCTCGCTCTGCCGTGCGCTAGGCTTGGTGGGAAGGCCTGTTCTCGAGTCCGCGCTTTTCGTCACCGCCATGTCGGGA,GGTGGTGTGATTCGTGGCCCCGCAGGGAACAACGATTGCCGCATCTACGTGGGTAACTTACCTCCAGACATCCGAACCAAGGACATTGAGGACGTGTTCT,0,GAGGTCGATGTCGCGGATAG,GAATCGCTGTTTCCTTCCGC,60.11,59.9,320,TCGAACTCAACGAAGGCGAA,TCTGTCTCCCCCCCATATCC,59.97,59.81,335,TCGAACTCAACGAAGGCGAA,CCTCTGTCTCCCCCCCATAT,59.97,59.81,337
ENST00000360426,GRCh38,20,N,GGGTCAACAGGCTTATACAT,TGG,-,1/11,24,49154010,CCAGAAAAAAACAGTTCTTTGTCGATTCTTTCTTGCAGAAAGCATAACCCCTACTGTAGAACTAAATGCACTGTGCATGAAACTTGGAAAAAAACCAATG,TATAAGCCTGTTGACCCTTACTCTCGGATGCAGTCCACCTATAACTACAACATGAGAGGAGGTGCTTATCCCCCGAGGTATGTGTTTTTTTTTTTTTTTT,0,GGGGGATAAGCACCTCCTCT,TTTTGTGCTGTCGACTGTGT,60.4,58.27,343,TACCTCGGGGGATAAGCACC,TTTTGTGCTGTCGACTGTGT,60.76,58.27,349,AAAACACATACCTCGGGGGA,CCTTGTCTGATGCCTAGCAGT,58.64,59.79,301
ENST00000360426,GRCh38,20,N,ATCCGAGAGTAAGGGTCAAC,AGG,-,1/11,36,49153998,AGTTCTTTGTCGATTCTTTCTTGCAGAAAGCATAACCCCTACTGTAGAACTAAATGCACTGTGCATGAAACTTGGAAAAAAACCAATGTATAAGCCTGTT,GACCCTTACTCTCGGATGCAGTCCACCTATAACTACAACATGAGAGGAGGTGCTTATCCCCCGAGGTATGTGTTTTTTTTTTTTTTTTTTTGTAAAATAC,0,GGGGGATAAGCACCTCCTCT,TTTTGTGCTGTCGACTGTGT,60.4,58.27,343,TACCTCGGGGGATAAGCACC,TTTTGTGCTGTCGACTGTGT,60.76,58.27,349,AAAACACATACCTCGGGGGA,CCTTGTCTGATGCCTAGCAGT,58.64,59.79,301
ENST00000360998,GRCh38,9,N,TTCAACAATCTATCCATCTC,CGG,+,1/16,28,123179161,GTTGAAGTAATTGTTTTCGTTCTCCTTCTAACAGAGATCTATTCGATCTTTTGCTAATGATGATCGCCATGTTATGGTGAAACATTCAACAATCTATCCA,TCTCCGGAGGAACTTGAAGCTGTTCAGAATATGGTATCTACTGTTGAATGTGCTCTTAAACATGTCTCAGATTGGTTGGATGAAACAAATAAAGGCACAA,0,CCAGAGGTCAGTCCACACTC,GTCAGTGCTATGGGTTGGCT,59.39,60.04,341,CCAGAGGTCAGTCCACACTC,AGTCAGTGCTATGGGTTGGC,59.39,60.04,342,TCCCAGAGGTCAGTCCACAC,GTCAGTGCTATGGGTTGGCT,60.83,60.04,343
ENST00000360998,GRCh38,9,N,GCTTCAAGTTCCTCCGGAGA,TGG,-,1/16,30,123179159,GAAGTAATTGTTTTCGTTCTCCTTCTAACAGAGATCTATTCGATCTTTTGCTAATGATGATCGCCATGTTATGGTGAAACATTCAACAATCTATCCATCT,CCGGAGGAACTTGAAGCTGTTCAGAATATGGTATCTACTGTTGAATGTGCTCTTAAACATGTCTCAGATTGGTTGGATGAAACAAATAAAGGCACAAAAA,0,CCAGAGGTCAGTCCACACTC,GTCAGTGCTATGGGTTGGCT,59.39,60.04,341,CCAGAGGTCAGTCCACACTC,AGTCAGTGCTATGGGTTGGC,59.39,60.04,342,TCCCAGAGGTCAGTCCACAC,GTCAGTGCTATGGGTTGGCT,60.83,60.04,343
ENST00000266987,GRCh38,12,N,GGAGGAGGGAATGAGTGAAG,AGG,+,1/9,7,53501416,ACTCCGGGCTTGGCCCCGGCCCTAGCTCGTCGGCTGTGTATTGGGGCGCGTGGAGGCTGCAGTCACGGTGGCGCCCGCGGGGACGGAGGAGGGAATGAGT,GAAGAGGAGCAAGGCTCCGGCACTACCACGGGCTGCGGGCTGCCTAGGTGAGCCGTCTCGTACCGATTCCTTCAGGGCGAAAAGCGTGGGGCCGTGCGGA,0,ACGGAGGAGGGAATGAGTGA,GCACTGAATGTGGGGGCATA,59.96,60.4,307,AGCTCGTCGGCTGTGTATTG,CCAGTGTTCCAGTGCAGTCT,60.46,59.89,342,CTAGCTCGTCGGCTGTGTAT,CCAGTGTTCCAGTGCAGTCT,59.34,59.89,344
ENST00000266987,GRCh38,12,N,GGAATGAGTGAAGAGGAGCA,AGG,+,1/9,14,53501423,TTGGCCCCGGCCCTAGCTCGTCGGCTGTGTATTGGGGCGCGTGGAGGCTGCAGTCACGGTGGCGCCCGCGGGGACGGAGGAGGGAATGAGTGAAGAGGAG,CAAGGCTCCGGCACTACCACGGGCTGCGGGCTGCCTAGGTGAGCCGTCTCGTACCGATTCCTTCAGGGCGAAAAGCGTGGGGCCGTGCGGAGGGAGTAGC,0,ACGGAGGAGGGAATGAGTGA,GCACTGAATGTGGGGGCATA,59.96,60.4,307,AGCTCGTCGGCTGTGTATTG,CCAGTGTTCCAGTGCAGTCT,60.46,59.89,342,CTAGCTCGTCGGCTGTGTAT,CCAGTGTTCCAGTGCAGTCT,59.34,59.89,344
ENST00000476907,GRCh38,11,C,TTGAGATGTCGAATTGCTTG,AGG,-,9/9,1130,62575115,TGTCTCCCCGGCTGACCGAATGCTCACTGTGACCCCGCTCCAGGATCCCCAAGGCCTGTTCCCTGATCTCCATCATTTCTTACAGGTTTTCCTCCCTCAA,GCAATTCGACATCTCAAGTGAAGACATGGCCCCTGAAGGGCAATAAAGCTGCTAGTTTATTAA,0,TGGAGAGCAACAGGGAGAGA,GCGAAGAGAGGCCAGAAACT,59.88,60.04,327,TGGAGAGCAACAGGGAGAGA,TGAAAGGACTGAGTGGTGGC,59.88,59.89,345,TGGAGAGCAACAGGGAGAGA,CTGAGTGGTGGCGAAGAGAG,59.88,60.11,337
ENST00000476907,GRCh38,11,C,TGAGATGTCGAATTGCTTGA,GGG,-,9/9,1129,62575116,TGTCTCCCCGGCTGACCGAATGCTCACTGTGACCCCGCTCCAGGATCCCCAAGGCCTGTTCCCTGATCTCCATCATTTCTTACAGGTTTTCCTCCCTCAA,GCAATTCGACATCTCAAGTGAAGACATGGCCCCTGAAGGGCAATAAAGCTGCTAGTTTATTAA,0,TGGAGAGCAACAGGGAGAGA,GCGAAGAGAGGCCAGAAACT,59.88,60.04,327,TGGAGAGCAACAGGGAGAGA,TGAAAGGACTGAGTGGTGGC,59.88,59.89,345,TGGAGAGCAACAGGGAGAGA,CTGAGTGGTGGCGAAGAGAG,59.88,60.11,337
ENST00000597629,GRCh38,19,C,AACAGAGATGCGATTGAAGA,TGG,-,2/2,931,39408674,CAGCAGCGGCAGCAGCCTGGGGGGCTCTGACTCTCCCGTCTTCGAGGCGGGAGTTTTTGCACCACCCCAGCCCGTGGCAGCCCCCCGGCGACTCCCCATC,TTCAATCGCATCTCTGTTTCTGAGTGACAAAGTGACTGCCCGGTCAGATCAGCTGGATCTCAGCGGGGAGCCACGTCTCTTGCACTGTGGTCTCTGCATG,0,CCTCTGTACAGTCCCTGGGA,AGGTCAGGGGAGTGGGTTAA,59.96,59.8,321,CCTCTGTACAGTCCCTGGGA,GAGGTCAGGGGAGTGGGTTA,59.96,60.25,322,GTCTTCGAGGCGGGAGTTTT,CCCCAAGAACCTCGGAAGAC,60.32,60.04,324
ENST00000597629,GRCh38,19,C,ACAGAGATGCGATTGAAGAT,GGG,-,2/2,930,39408673,CAGCAGCGGCAGCAGCCTGGGGGGCTCTGACTCTCCCGTCTTCGAGGCGGGAGTTTTTGCACCACCCCAGCCCGTGGCAGCCCCCCGGCGACTCCCCATC,TTCAATCGCATCTCTGTTTCTGAGTGACAAAGTGACTGCCCGGTCAGATCAGCTGGATCTCAGCGGGGAGCCACGTCTCTTGCACTGTGGTCTCTGCATG,0,CCTCTGTACAGTCCCTGGGA,AGGTCAGGGGAGTGGGTTAA,59.96,59.8,321,CCTCTGTACAGTCCCTGGGA,GAGGTCAGGGGAGTGGGTTA,59.96,60.25,322,GTCTTCGAGGCGGGAGTTTT,CCCCAAGAACCTCGGAAGAC,60.32,60.04,324
ENST00000372435,GRCh38,X,N,CCGCTGAAGATTTTGATATT,CGG,-,1/7,9,107628638,AGCGCTTGGTATTGAGTCTGTGGCCGACTTCGGTTCCGGTCTCTGCAGCAGCCGTGATCGCTTAGTGGAGTGCTTAGGGTAGTTGGCCAGGATGCCGAAT,ATCAAAATCTTCAGCGGCAGCTCCCACCAGGACTTATCTCAGAAAATTGCTGACCGCCTGGGCCTGGAGCTAGGCAAGGTGGTGACTAAGAAATTCAGCA,0,TTGAGTCTGTGGCCGACTTC,CTAGTCACAGAGCTGCACCC,59.97,60.11,330,TTGAGTCTGTGGCCGACTTC,AACCCCCAGTCTGTTTGAGC,59.97,60.18,301,GACTTCGGTTCCGGTCTCTG,CTAGTCACAGAGCTGCACCC,60.11,60.11,316
ENST00000372435,GRCh38,X,N,CCGAATATCAAAATCTTCAG,CGG,+,1/7,20,107628649,TGAGTCTGTGGCCGACTTCGGTTCCGGTCTCTGCAGCAGCCGTGATCGCTTAGTGGAGTGCTTAGGGTAGTTGGCCAGGATGCCGAATATCAAAATCTTC,AGCGGCAGCTCCCACCAGGACTTATCTCAGAAAATTGCTGACCGCCTGGGCCTGGAGCTAGGCAAGGTGGTGACTAAGAAATTCAGCAACCAGGAGACCT,0,TTGAGTCTGTGGCCGACTTC,CTAGTCACAGAGCTGCACCC,59.97,60.11,330,TTGAGTCTGTGGCCGACTTC,AACCCCCAGTCTGTTTGAGC,59.97,60.18,301,GACTTCGGTTCCGGTCTCTG,CTAGTCACAGAGCTGCACCC,60.11,60.11,316
ENST00000333467,GRCh38,22,C,TCCAGAATCAGGGAAACTGA,AGG,+,8/8,12,38992443,CGTCATTGTCACTGTCCCCAGGCCACCTCCCTGTGCCCTCTTTCCACTCTCTCACCTCCTGCTCCATTCAACCCCCCTGCTCTTCCAGAATCAGGGAAAC,TGAAGGATGGGCCTCAGTCTCTAAGGAAGGCAGAGACCTGGGTTGAGCAGCAGAATAAAAGATCTTCTTCCAAGAAATGCAAACAGACCGTTCACCACCA,0,CGTCCCTCCCTTTCCTTCTC,GCACATTGCTTTGCTGGTGT,59.46,60.25,303,CTCCGTCCCTCCCTTTCCTT,TGCTTTGCTGGTGTCTGTGA,60.91,60.11,300,TCCGTCCCTCCCTTTCCTTC,GCACATTGCTTTGCTGGTGT,60.91,60.25,305
ENST00000333467,GRCh38,22,C,TCCTTCAGTTTCCCTGATTC,TGG,-,8/8,2,38992433,CTCCTCTCCCGTCATTGTCACTGTCCCCAGGCCACCTCCCTGTGCCCTCTTTCCACTCTCTCACCTCCTGCTCCATTCAACCCCCCTGCTCTTCCAGAAT,CAGGGAAACTGAAGGATGGGCCTCAGTCTCTAAGGAAGGCAGAGACCTGGGTTGAGCAGCAGAATAAAAGATCTTCTTCCAAGAAATGCAAACAGACCGT,0,CGTCCCTCCCTTTCCTTCTC,GCACATTGCTTTGCTGGTGT,59.46,60.25,303,CTCCGTCCCTCCCTTTCCTT,TGCTTTGCTGGTGTCTGTGA,60.91,60.11,300,TCCGTCCCTCCCTTTCCTTC,GCACATTGCTTTGCTGGTGT,60.91,60.25,305
ENST00000623063,GRCh38,22,C,ACCATATGAAAGCGTGATGA,AGG,+,13/13,58,40366494,TCTTAACATTTTCTTTTGTCTTGTATTTGCTTTCCTCTGGCAGGTGCAGAGATTCTTAGAAGAGGAGGTGTATCCCCTGTTAAAACCATATGAAAGCGTG,ATGAAGGTGAAAGCAGAATTATGTCTGTAGAGTTGGAAGAGAATTAAACGAAAATCATTGTTAATTGCTGAGGCATGAAAATTGTGTTACTATAATGCCT,0,TTTGCTTTCCTCTGGCAGGT,GCAGAGTCAACTTCAACGCTC,59.81,59.81,301,TTTGCTTTCCTCTGGCAGGT,GAGCAGAGTCAACTTCAACGC,59.81,59.81,303,TTTGCTTTCCTCTGGCAGGT,AGCAGAGTCAACTTCAACGCT,59.81,60.2,302
ENST00000623063,GRCh38,22,C,ACCTTCATCACGCTTTCATA,TGG,-,13/13,48,40366484,CTGCTAATATCTTAACATTTTCTTTTGTCTTGTATTTGCTTTCCTCTGGCAGGTGCAGAGATTCTTAGAAGAGGAGGTGTATCCCCTGTTAAAACCATAT,GAAAGCGTGATGAAGGTGAAAGCAGAATTATGTCTGTAGAGTTGGAAGAGAATTAAACGAAAATCATTGTTAATTGCTGAGGCATGAAAATTGTGTTACT,0,TTTGCTTTCCTCTGGCAGGT,GCAGAGTCAACTTCAACGCTC,59.81,59.81,301,TTTGCTTTCCTCTGGCAGGT,GAGCAGAGTCAACTTCAACGC,59.81,59.81,303,TTTGCTTTCCTCTGGCAGGT,AGCAGAGTCAACTTCAACGCT,59.81,60.2,302
ENST00000236959,GRCh38,2,N,ACCGAGCTGGCCGGGAGCCA,TGG,-,1/16,4,215312147,GCCACATCCCGGCAGCCCTCCTACCTGCGCACGTGGTGCCGCCGCTGCTGCCTCCCGCTCGCCCTGAACCCAGTGCCTGCAGCCATG,GCTCCCGGCCAGCTCGGTGAGGCCCTAGCGGAGCGGCGCGGTCTGCGTCCTCGCCTGCGGCCCCCCACGCTCCCGCCTTGGCGGCGGCCGGCGGGACCCG,0,TGAAACTGAGCAGAGCAGGG,GGACGCTGGCTTTCAATCCC,59.96,61.66,315,TGAAACTGAGCAGAGCAGGG,GGGACGCTGGCTTTCAATCC,59.96,61.66,316,TGAAACTGAGCAGAGCAGGG,GGGGACGCTGGCTTTCAATC,59.96,61.66,317
ENST00000236959,GRCh38,2,N,AGGGCCTCACCGAGCTGGCC,GGG,-,1/16,12,215312155,GCCACATCCCGGCAGCCCTCCTACCTGCGCACGTGGTGCCGCCGCTGCTGCCTCCCGCTCGCCCTGAACCCAGTGCCTGCAGCCATGGCTCCCGGC,CAGCTCGGTGAGGCCCTAGCGGAGCGGCGCGGTCTGCGTCCTCGCCTGCGGCCCCCCACGCTCCCGCCTTGGCGGCGGCCGGCGGGACCCGGCACTGCAG,0,TGAAACTGAGCAGAGCAGGG,GGACGCTGGCTTTCAATCCC,59.96,61.66,315,TGAAACTGAGCAGAGCAGGG,GGGACGCTGGCTTTCAATCC,59.96,61.66,316,TGAAACTGAGCAGAGCAGGG,GGGGACGCTGGCTTTCAATC,59.96,61.66,317
ENST00000366535,GRCh38,1,C,GAGTTGAATCATAGATTCTC,TGG,-,13/13,30,244409609,CTGTTTTAATCCCAACGAGTGAACATTAGAGATGAATTGATTCAATTCCTTTTCTCTTTGTATTCTCCTAGTTAAGTGGATTGGTGTTGGTAAATCCAGA,GAATCTATGATTCAACTCTTTTAATGATTGCCAGTAATGCAAGAAACACTCCTTGAGAGGGAGGGGAAAAGACTTTCTTAAATATTTCATTTATGACCTG,0,TTCCCCTCCCTCTCAAGGAG,AGGCATACTGTCCTGTGCTG,59.96,59.75,302,TTTCCCCTCCCTCTCAAGGA,AGGCATACTGTCCTGTGCTG,59.5,59.75,303,TTCCCCTCCCTCTCAAGGAG,GCATACTGTCCTGTGCTGGG,59.96,60.75,300
ENST00000366535,GRCh38,1,C,CTAGTTAAGTGGATTGGTGT,TGG,+,13/13,13,244409626,AAAGTAGGGGACTACCTGTTTTAATCCCAACGAGTGAACATTAGAGATGAATTGATTCAATTCCTTTTCTCTTTGTATTCTCCTAGTTAAGTGGATTGGT,GTTGGTAAATCCAGAGAATCTATGATTCAACTCTTTTAATGATTGCCAGTAATGCAAGAAACACTCCTTGAGAGGGAGGGGAAAAGACTTTCTTAAATAT,0,TTCCCCTCCCTCTCAAGGAG,AGGCATACTGTCCTGTGCTG,59.96,59.75,302,TTTCCCCTCCCTCTCAAGGA,AGGCATACTGTCCTGTGCTG,59.5,59.75,303,TTCCCCTCCCTCTCAAGGAG,GCATACTGTCCTGTGCTGGG,59.96,60.75,300
ENST00000298556,GRCh38,X,N,CACCACGACGCCAGGGCTGC,GGG,-,1/9,13,134460325,GCCTCTTGCTGCGCCTCCGCCTCCTCCTCTGCTCCGCCACCGGCTTCCTCCTCCTGAGCAGTCAGCCCGCGCGCCGGCCGGCTCCGTTATGGCGACCCGC,AGCCCTGGCGTCGTGGTGAGCAGCTCGGCCTGCCGGCCCTGGCCGGTTCAGGCCCACGCGGCAGGTGGCGGCCGGGCCCTGAGGCGCGGGATCCGCAGTG,0,TTCCTCCTCCTGAGCAGTCA,TTCTCTTCCCACACGCAGTC,59.88,59.97,323,TTCCTCCTCCTGAGCAGTCA,GTCCTCTTTTCCCAGGGCTC,59.88,60.03,306,TTCCTCCTCCTGAGCAGTCA,ACGCAGTCCTCTTTTCCCAG,59.88,59.96,311
ENST00000298556,GRCh38,X,N,GTTATGGCGACCCGCAGCCC,TGG,+,1/9,14,134460326,TCTTGCTGCGCCTCCGCCTCCTCCTCTGCTCCGCCACCGGCTTCCTCCTCCTGAGCAGTCAGCCCGCGCGCCGGCCGGCTCCGTTATGGCGACCCGCAGC,CCTGGCGTCGTGGTGAGCAGCTCGGCCTGCCGGCCCTGGCCGGTTCAGGCCCACGCGGCAGGTGGCGGCCGGGCCCTGAGGCGCGGGATCCGCAGTGCGG,0,TTCCTCCTCCTGAGCAGTCA,TTCTCTTCCCACACGCAGTC,59.88,59.97,323,TTCCTCCTCCTGAGCAGTCA,GTCCTCTTTTCCCAGGGCTC,59.88,60.03,306,TTCCTCCTCCTGAGCAGTCA,ACGCAGTCCTCTTTTCCCAG,59.88,59.96,311
ENST00000361505,GRCh38,14,C,GCAGGTCAACTGGCTTTGTC,AGG,-,6/6,206,20476590,GAAGGCCAACCATGAAGAAGTCTTAGCAGCTGGCAAACAAGCTGCACAGAAATTGGAACAGTTTGTCTCCATTCTTATGGCCAGCATTCCACTCCCTGAC,AAAGCCAGTTGACCTGCCTTGGAGTCGTCTGGCATCTCCCACACAAGACCCAAGTAGCTGCTACCTTCTTTGGCCCCTTGCTGGAGTCATGTGCCTCTGT,0,GGCAAACAAGCTGCACAGAA,CGCCAAGGTCTCACTATGCT,59.9,59.82,300,GGCAAACAAGCTGCACAGAA,AGCGCCAAGGTCTCACTATG,59.9,59.82,302,GGCAAACAAGCTGCACAGAA,TTGTAGCGCCAAGGTCTCAC,59.9,60.32,306
ENST00000361505,GRCh38,14,C,CAGGTCAACTGGCTTTGTCA,GGG,-,6/6,205,20476589,GAAGGCCAACCATGAAGAAGTCTTAGCAGCTGGCAAACAAGCTGCACAGAAATTGGAACAGTTTGTCTCCATTCTTATGGCCAGCATTCCACTCCCTGAC,AAAGCCAGTTGACCTGCCTTGGAGTCGTCTGGCATCTCCCACACAAGACCCAAGTAGCTGCTACCTTCTTTGGCCCCTTGCTGGAGTCATGTGCCTCTGT,0,GGCAAACAAGCTGCACAGAA,CGCCAAGGTCTCACTATGCT,59.9,59.82,300,GGCAAACAAGCTGCACAGAA,AGCGCCAAGGTCTCACTATG,59.9,59.82,302,GGCAAACAAGCTGCACAGAA,TTGTAGCGCCAAGGTCTCAC,59.9,60.32,306
ENST00000496200,GRCh38,7,C,TACGAAAAGCGGCTGTACTG,AGG,+,13/13,18,128393011,GGGGGCCCTGGGGAAAGGGTTTTGGGAAGGAGCAGGGTCCACACACCCACTCTTGTTCCCCCTCTTGCCTTGTCCCCACAGTTACGAAAAGCGGCTGTAC,TGAGGACAGCGGTGGAGGCCGAGGTGGTGGAGGGGATGCACCCCAGTGTCCACTTTTGGGCACAGCCTCCCTCCATAACTGAGTGGTCCACAGATTTGCA,0,CACCGCTGTCCTCAGTACAG,GGCACTGAGGACATCCACTC,60.11,60.11,303,GGAAAGGAGCTGGAGAACCC,TTCTTCAGGGAATGCTGGCC,60.03,60.32,343,GAGCTGGAGAACCCGTAGTG,TTCTTCAGGGAATGCTGGCC,59.83,60.32,337
ENST00000496200,GRCh38,7,C,GTCCCCACAGTTACGAAAAG,CGG,+,13/13,7,128393022,TCTCCTACATCTGGGGGCCCTGGGGAAAGGGTTTTGGGAAGGAGCAGGGTCCACACACCCACTCTTGTTCCCCCTCTTGCCTTGTCCCCACAGTTACGAA,AAGCGGCTGTACTGAGGACAGCGGTGGAGGCCGAGGTGGTGGAGGGGATGCACCCCAGTGTCCACTTTTGGGCACAGCCTCCCTCCATAACTGAGTGGTC,0,CACCGCTGTCCTCAGTACAG,GGCACTGAGGACATCCACTC,60.11,60.11,303,GGAAAGGAGCTGGAGAACCC,TTCTTCAGGGAATGCTGGCC,60.03,60.32,343,GAGCTGGAGAACCCGTAGTG,TTCTTCAGGGAATGCTGGCC,59.83,60.32,337
ENST00000378364,GRCh38,16,N,CTGCAGCTCGGAGTCGGCCA,TGG,-,1/5,4,88811896,GGCTGCCGCTGGCTCTTCGCACGCGGCCATG,GCCGACTCCGAGCTGCAGCTGGTTGAGCAGCGGATCCGCAGCTTCCCCGACTTCCCCACCCCAGGCGTGGTATTCAGGTGCACGCACAGGCCGCCCTCGT,0,CTGTGCGTGCACCTGAATAC,TTGTCCGGTTCGAACGTTCT,59.56,59.9,312,CTGTGCGTGCACCTGAATAC,GTAGCCCGAGACAAGGAAGG,59.56,59.82,350,CTGTGCGTGCACCTGAATAC,CTCGCACTTTTGTCCGGTTC,59.56,59.77,321
ENST00000378364,GRCh38,16,N,AACCAGCTGCAGCTCGGAGT,CGG,-,1/5,10,88811890,GGCTGCCGCTGGCTCTTCGCACGCGGCCATGGCCGAC,TCCGAGCTGCAGCTGGTTGAGCAGCGGATCCGCAGCTTCCCCGACTTCCCCACCCCAGGCGTGGTATTCAGGTGCACGCACAGGCCGCCCTCGTGGCGCC,0,CTGTGCGTGCACCTGAATAC,TTGTCCGGTTCGAACGTTCT,59.56,59.9,312,CTGTGCGTGCACCTGAATAC,GTAGCCCGAGACAAGGAAGG,59.56,59.82,350,CTGTGCGTGCACCTGAATAC,CTCGCACTTTTGTCCGGTTC,59.56,59.77,321
ENST00000368471,GRCh38,1,N,TTTAGACATGGCCGAGATCA,AGG,+,1/14,10,154601747,TAGCCAAGGATCCCCAAACTCAGACCCAGGTTTGGAACCTGAAGACAGCAACTCCACATCTGCCTTGGAAGATCCTCTTGAGTTTTTAGACATGGCCGAG,ATCAAGGAGAAAATCTGCGACTATCTCTTCAATGTGTCTGACTCCTCTGCCCTGAATTTGGCTAAAAATATTGGCCTTACCAAGGCCCGAGATATAAATG,0,TTCAGGGCAGAGGAGTCAGA,ATAGCCAAGGAGCCCCAAAC,59.88,60.03,304,TTCAGGGCAGAGGAGTCAGA,CATAGCCAAGGAGCCCCAAA,59.88,60.03,305,TTCAGGGCAGAGGAGTCAGA,CCAGACGGTCATAGCCAAGG,59.88,60.18,314
ENST00000368471,GRCh38,1,N,GCAGATTTTCTCCTTGATCT,CGG,-,1/14,10,154601747,TAGCCAAGGATCCCCAAACTCAGACCCAGGTTTGGAACCTGAAGACAGCAACTCCACATCTGCCTTGGAAGATCCTCTTGAGTTTTTAGACATGGCCGAG,ATCAAGGAGAAAATCTGCGACTATCTCTTCAATGTGTCTGACTCCTCTGCCCTGAATTTGGCTAAAAATATTGGCCTTACCAAGGCCCGAGATATAAATG,0,TTCAGGGCAGAGGAGTCAGA,ATAGCCAAGGAGCCCCAAAC,59.88,60.03,304,TTCAGGGCAGAGGAGTCAGA,CATAGCCAAGGAGCCCCAAA,59.88,60.03,305,TTCAGGGCAGAGGAGTCAGA,CCAGACGGTCATAGCCAAGG,59.88,60.18,314
ENST00000314666,GRCh38,17,C,CCTGGAAGGGAGCTGCTGAC,TGG,+,27/27,309,8269263,GCAGTGGGCATGGCGACCCCCTCCATTTGATACTCTGACCACCTCCCCCTGGCTCCAGCTCTTTATCAATGCCCGAAACTGGACCCTGGAAGGGAGCTGC,TGACTGGCCACAGGGGCTCACCTGGGCCCCATGGCTTTTCACCTAAGTGGGTCCTGCCCCCTCCCCCATGACCTTCAGGAGCACCCCATATTATTTCCAA,0,TGGCATCTGCTCCTGTGATG,AGTCCGCTGAGATTTTGGCA,60.11,59.96,317,CTGGCATCTGCTCCTGTGAT,AGTCCGCTGAGATTTTGGCA,59.82,59.96,318,ATACTCTGACCACCTCCCCC,GCTGTTTCCTGGGCTGAGAA,60.03,60.25,311
ENST00000314666,GRCh38,17,C,CCAGTCAGCAGCTCCCTTCC,AGG,-,27/27,298,8269252,TAGGCCTTGGCAGTGGGCATGGCGACCCCCTCCATTTGATACTCTGACCACCTCCCCCTGGCTCCAGCTCTTTATCAATGCCCGAAACTGGACCCTGGAA,GGGAGCTGCTGACTGGCCACAGGGGCTCACCTGGGCCCCATGGCTTTTCACCTAAGTGGGTCCTGCCCCCTCCCCCATGACCTTCAGGAGCACCCCATAT,0,CTGAATCCCAATGGGTCCCC,AGTCCGCTGAGATTTTGGCA,60.11,59.96,349,TGGCATCTGCTCCTGTGATG,AGTCCGCTGAGATTTTGGCA,60.11,59.96,317,CTGGCATCTGCTCCTGTGAT,AGTCCGCTGAGATTTTGGCA,59.82,59.96,318
ENST00000264221,GRCh38,4,C,CACATGGATTTCCTTGAAGC,AGG,+,9/9,129,56459501,AGAAGGATCAGCTCAATTTGCTGCTCAGATATTTGGGTTAAGCAACCATTTGGTATGGAGCAAACTGCGAGCAAGCATTTTGAACACATGGATTTCCTTG,AAGCAGGCTGACAAGAAAATCAGAGAATGTAATTTATAAGAAAGAATGCCATTGAATTTTTTAGGGGAAAAACTACAAATTTCTAATTTAGCTGAAGGAA,0,AGGTCTTGGCTGTTCAACCG,GGAGGGGTTAGATGCTCATGT,60.54,59.23,341,AGGTCTTGGCTGTTCAACCG,AGGAGGGGTTAGATGCTCATG,60.54,58.95,342,GGTCTTGGCTGTTCAACCGT,GGAGGGGTTAGATGCTCATGT,60.82,59.23,340
ENST00000264221,GRCh38,4,C,TTTCTTGTCAGCCTGCTTCA,AGG,-,9/9,129,56459501,AGAAGGATCAGCTCAATTTGCTGCTCAGATATTTGGGTTAAGCAACCATTTGGTATGGAGCAAACTGCGAGCAAGCATTTTGAACACATGGATTTCCTTG,AAGCAGGCTGACAAGAAAATCAGAGAATGTAATTTATAAGAAAGAATGCCATTGAATTTTTTAGGGGAAAAACTACAAATTTCTAATTTAGCTGAAGGAA,0,AGGTCTTGGCTGTTCAACCG,GGAGGGGTTAGATGCTCATGT,60.54,59.23,341,AGGTCTTGGCTGTTCAACCG,AGGAGGGGTTAGATGCTCATG,60.54,58.95,342,GGTCTTGGCTGTTCAACCGT,GGAGGGGTTAGATGCTCATGT,60.82,59.23,340
ENST00000264220,GRCh38,4,C,TGTAGAATTAGAATGGTAGC,TGG,+,11/11,195,56395354,TATTATGATCCAAGAAAATGGAAATGGTCTGGAATGTTTTGAAAAGAGTGGTCATTGTACAGCTTGTCTCACTGGAAAATATCCTGTAGAATTAGAATGG,TAGCTGGTAGGGTTGGATGTGTGTAGTTTCAAGATAGAAAGTTGGTCAAGAAGTTATAGTGGTCACACCTCATCTATTTACTGTTACTCAGTTGGTACAA,0,TGAGGTGTGACCACTATAACTTCT,CTCTGTTGACGCGTTTCTTCC,58.92,59.81,335,TGAGGTGTGACCACTATAACTTCT,TCTGTTGACGCGTTTCTTCCT,58.92,60.2,334,TGAGGTGTGACCACTATAACTTCT,TCTGTTGACGCGTTTCTTCC,58.92,58.79,334
ENST00000264220,GRCh38,4,C,AATATCCTGTAGAATTAGAA,TGG,+,11/11,188,56395361,GCACGATATTATGATCCAAGAAAATGGAAATGGTCTGGAATGTTTTGAAAAGAGTGGTCATTGTACAGCTTGTCTCACTGGAAAATATCCTGTAGAATTA,GAATGGTAGCTGGTAGGGTTGGATGTGTGTAGTTTCAAGATAGAAAGTTGGTCAAGAAGTTATAGTGGTCACACCTCATCTATTTACTGTTACTCAGTTG,0,TGAGGTGTGACCACTATAACTTCT,CTCTGTTGACGCGTTTCTTCC,58.92,59.81,335,TGAGGTGTGACCACTATAACTTCT,TCTGTTGACGCGTTTCTTCCT,58.92,60.2,334,TGAGGTGTGACCACTATAACTTCT,TCTGTTGACGCGTTTCTTCC,58.92,58.79,334
ENST00000381815,GRCh38,21,C,CAAGATCTGTTGGGTTAAAG,AGG,+,21/21,181,33504135,AAGAGTAAAATTAGCAGAACATAAAATATTTCCTGCAGCCCTTCAGCTGGTGGCCAGTGGAACTGTACAGCTTGGAGAAAATGGCAAGATCTGTTGGGTT,AAAGAGGAATGAAGCCTTTTAATTCAGAAATGGGGCCAGTTTAGAAAGAATTATTTGCTGTTTGCATGGTGGTTTTTTATCATGGACTTGGCCCAAAAGA,0,TGCTGCACTAACTAGTCTTGTT,AAGCTGTTCCCGTGAAGAGG,57.66,59.96,340,ATGCTGCACTAACTAGTCTTGT,AAGCTGTTCCCGTGAAGAGG,57.46,59.96,341,TGCTGCACTAACTAGTCTTGTT,GGGGTGATACTGTCGCAACT,57.66,59.75,322
ENST00000381815,GRCh38,21,C,AGAAAATGGCAAGATCTGTT,GGG,+,21/21,172,33504144,TCTTTCTGAAAGAGTAAAATTAGCAGAACATAAAATATTTCCTGCAGCCCTTCAGCTGGTGGCCAGTGGAACTGTACAGCTTGGAGAAAATGGCAAGATC,TGTTGGGTTAAAGAGGAATGAAGCCTTTTAATTCAGAAATGGGGCCAGTTTAGAAAGAATTATTTGCTGTTTGCATGGTGGTTTTTTATCATGGACTTGG,0,AAACTGGCCCCATTTCTGAA,GGTGCACTGTACACTTTGTAGC,57.6,59.78,341,ACTGGCCCCATTTCTGAATT,GGTGCACTGTACACTTTGTAGC,57.37,59.78,339,AACTGGCCCCATTTCTGAAT,GGTGCACTGTACACTTTGTAGC,57.37,59.78,340
ENST00000326739,GRCh38,3,C,CTGCCTGCAGGTATGAGAAG,CGG,+,14/14,7,49024398,TTCGTAAGTCACCCTGTCCTTGGTGGGGCCTCTGCCATACCTCATGCCTCCTTTCTCCTGCCCTCACCTCACAGGTGGTCCTTCTGCCTGCAGGTATGAG,AAGCGGCTTTTCTGAAAAGGGATCCAGCACACCTCCTCGGTTTTTTTTTCAATAAAAGTTTAGAAAGAAAAAA,0,TGCATCTGTGGTAGTGGCAG,TGCCCTTCTTCAGAGCCATG,60.04,60.03,327,TGCATCTGTGGTAGTGGCAG,CCACATTTGACCTCTGCCCT,60.04,59.96,341,GGGTGCTGTTTTTGTGTGCA,TGCCCTTCTTCAGAGCCATG,60.11,60.03,343
ENST00000371873,GRCh38,1,C,GTGCAGATTTTTGACAAGGA,AGG,+,6/6,32,47376736,GAACTTAGCTGTATGGTATTTTAACAGTACCTGCTTTTAAAATTATTATCATCTTTTTCCTTTACAGGTTTTTGATGAAGTTGTGCAGATTTTTGACAAG,GAAGGCTAATTCTAAACCTGAAGGCATCCTTGAAATCATGCTTGAATATTGCTTTGATAGCTGCTATCATGACCCCTTTTTAAGGCAATTCTAATCTTTC,0,CTCGACCTCCCAAAGTGCTG,ACCATGTACTTTCCAGCCACT,60.67,59.29,310,AACTCAAGTGATCTGCCCGC,ACCATGTACTTTCCAGCCACT,60.67,59.29,330,TTACAGATGTGAGCCACCGC,TCACTGTCTACTCCTGTGACCA,60.39,60.16,342
ENST00000371873,GRCh38,1,C,AGTTGTGCAGATTTTTGACA,AGG,+,6/6,28,47376732,TAATAAGAACTTAGCTGTATGGTATTTTAACAGTACCTGCTTTTAAAATTATTATCATCTTTTTCCTTTACAGGTTTTTGATGAAGTTGTGCAGATTTTT,GACAAGGAAGGCTAATTCTAAACCTGAAGGCATCCTTGAAATCATGCTTGAATATTGCTTTGATAGCTGCTATCATGACCCCTTTTTAAGGCAATTCTAA,0,CTCGACCTCCCAAAGTGCTG,ACCATGTACTTTCCAGCCACT,60.67,59.29,310,AACTCAAGTGATCTGCCCGC,ACCATGTACTTTCCAGCCACT,60.67,59.29,330,TTACAGATGTGAGCCACCGC,TCACTGTCTACTCCTGTGACCA,60.39,60.16,342
ENST00000371953,GRCh38,10,N,GCTAACGATCTCTTTGATGA,TGG,-,1/9,13,87864483,AGCCATTTCCATCCTGCAGAAGAAGCCCCGCCACCAGCAGCTTCTGCCATCTCTCTCCTCCTTTTTCTTCAGCCACAGGCTCCCAGACATGACAGCCATC,ATCAAAGAGATCGTTAGCAGAAACAAAAGGAGATATCAAGAGGATGGATTCGACTTAGACTTGACCTGTATCCATTTCTGCGGCTGCTCCTCTTTACCTT,0,CAGGCTCCCAGACATGACAG,CTTGACACTTGCAACCAGGC,60.11,59.97,302,CAGGCTCCCAGACATGACAG,GCTTGACACTTGCAACCAGG,60.11,59.97,303,CAGGCTCCCAGACATGACAG,GGCTTGACACTTGCAACCAG,60.11,59.97,304
ENST00000371953,GRCh38,10,N,AGATCGTTAGCAGAAACAAA,AGG,+,1/9,36,87864506,GCCCCGCCACCAGCAGCTTCTGCCATCTCTCTCCTCCTTTTTCTTCAGCCACAGGCTCCCAGACATGACAGCCATCATCAAAGAGATCGTTAGCAGAAAC,AAAAGGAGATATCAAGAGGATGGATTCGACTTAGACTTGACCTGTATCCATTTCTGCGGCTGCTCCTCTTTACCTTTCTGTCACTCTCTTAGAACGTGGG,0,CAGGCTCCCAGACATGACAG,CTTGACACTTGCAACCAGGC,60.11,59.97,302,CAGGCTCCCAGACATGACAG,GCTTGACACTTGCAACCAGG,60.11,59.97,303,CAGGCTCCCAGACATGACAG,GGCTTGACACTTGCAACCAG,60.11,59.97,304
ENST00000263036,GRCh38,10,C,CACGTTACAGATTCACGTGA,TGG,+,13/13,102,13136847,AGCTGAGGACAGGGACTGGCGGCAACAGCGGAATATTCCGATTCATTCCTGCCCCAAGTGTGGAGAGGTTCTGCCTGACATAGACACGTTACAGATTCAC,GTGATGGATTGCATCATTTAAGTGTTGATGTATCACCTCCCCAAAACTGTTGGTAAATGTCAGATTTTTTCCTCCAA,0,ATTCCCAGGAGCTGAGGACA,CCAAGTGATCCACCCACCTC,60.25,60.04,329,ATTCCCAGGAGCTGAGGACA,CTGACCCCAAGTGATCCACC,60.25,60.04,335,ATTCCCAGGAGCTGAGGACA,CCTGACCCCAAGTGATCCAC,60.25,60.04,336
ENST00000263036,GRCh38,10,C,ATCTGTAACGTGTCTATGTC,AGG,-,13/13,80,13136825,ATTATCATACTTATTCCCAGGAGCTGAGGACAGGGACTGGCGGCAACAGCGGAATATTCCGATTCATTCCTGCCCCAAGTGTGGAGAGGTTCTGCCTGAC,ATAGACACGTTACAGATTCACGTGATGGATTGCATCATTTAAGTGTTGATGTATCACCTCCCCAAAACTGTTGGTAAATGTCAGATTTTTTCCTCCAA,0,ATTCCCAGGAGCTGAGGACA,CCAAGTGATCCACCCACCTC,60.25,60.04,329,ATTCCCAGGAGCTGAGGACA,CTGACCCCAAGTGATCCACC,60.25,60.04,335,ATTCCCAGGAGCTGAGGACA,CCTGACCCCAAGTGATCCAC,60.25,60.04,336
ENST00000553300,GRCh38,14,N,TGTCTTGTTGGTAACGTTGC,TGG,-,1/7,10,21234184,CAAGGAATATTGTTTTTAGCATCTGTTCACCTGTATACTTTTTTTTGCTTTACAGTTTTCGGCTTTGTGAGAAACCTTACCATCAAACACGATGGCCAGC,AACGTTACCAACAAGACAGATCCTCGCTCCATGAACTCCCGTGTATTCATTGGGAATCTCAACACTCTTGTGGTCAAGAAATCTGATGTGGAGGCAATCT,0,TGAACAGAGCAGCCCACAAT,GCTGTGAGTCCCTTTAAGTTGC,59.89,59.77,313,ATGAACAGAGCAGCCCACAA,GCTGTGAGTCCCTTTAAGTTGC,59.89,59.77,314,AGAGCAGCCCACAATTTTGC,GCTGTGAGTCCCTTTAAGTTGC,59.68,59.77,308
ENST00000553300,GRCh38,14,N,GGAGCGAGGATCTGTCTTGT,TGG,-,1/7,22,21234172,TTTTTAGCATCTGTTCACCTGTATACTTTTTTTTGCTTTACAGTTTTCGGCTTTGTGAGAAACCTTACCATCAAACACGATGGCCAGCAACGTTACCAAC,AAGACAGATCCTCGCTCCATGAACTCCCGTGTATTCATTGGGAATCTCAACACTCTTGTGGTCAAGAAATCTGATGTGGAGGCAATCTTTTCGAAGTATG,0,TGAACAGAGCAGCCCACAAT,GCTGTGAGTCCCTTTAAGTTGC,59.89,59.77,313,ATGAACAGAGCAGCCCACAA,GCTGTGAGTCCCTTTAAGTTGC,59.89,59.77,314,AGAGCAGCCCACAATTTTGC,GCTGTGAGTCCCTTTAAGTTGC,59.68,59.77,308
ENST00000324210,GRCh38,3,C,ACATCTGGGTAACATACTTG,TGG,-,8/8,38,152459309,CATCTCTTAATTGTTGGCTTGCTTGCATGGATCATTCATTAAATAATTTTTTATTTGCTAGATACCCATAATATCTGCCGAACATCTGACTAGCCACAAG,TATGTTACCCAGATGTAGAATTTTCATCACTAAACAGTAAGTTCATTATGTAATATATAGTTGCATATTTGTGGTGGTTTTTTTTAAGATAGCAATTGTA,0,GGACTATCACCTCACAGCTGA,TGTCTGATAAAATTCCTCACACCCA,58.9,60.22,349,AGGACTATCACCTCACAGCTG,TGTCTGATAAAATTCCTCACACCCA,58.89,60.22,350,GGACTATCACCTCACAGCTGA,GTCTGATAAAATTCCTCACACCCA,58.9,58.75,348
ENST00000324210,GRCh38,3,C,CTTGTGGCTAGTCAGATGTT,CGG,-,8/8,22,152459293,TTAATATTAAAATGTTTTCATCTCTTAATTGTTGGCTTGCTTGCATGGATCATTCATTAAATAATTTTTTATTTGCTAGATACCCATAATATCTGCCGAA,CATCTGACTAGCCACAAGTATGTTACCCAGATGTAGAATTTTCATCACTAAACAGTAAGTTCATTATGTAATATATAGTTGCATATTTGTGGTGGTTTTT,0,GGACTATCACCTCACAGCTGA,TGTCTGATAAAATTCCTCACACCCA,58.9,60.22,349,AGGACTATCACCTCACAGCTG,TGTCTGATAAAATTCCTCACACCCA,58.89,60.22,350,GGACTATCACCTCACAGCTGA,GTCTGATAAAATTCCTCACACCCA,58.9,58.75,348
ENST00000321358,GRCh38,1,C,TCCCGAGGCTGAGCAGGGCG,GGG,+,7/7,221,42701002,CCGACGCAGACGCCCAGAAAACCCTAAACCACAAGATGGCAAAGAGACAAAAGCAGCCGATCCACCAGCTGAGAATTCGTCCGCTCCCGAGGCTGAGCAG,GGCGGGGCTGAGTAAATGCCGGCTTACCATCTCTACCATCATCCGGGTAAGCAAGCTTGGATGGCCATCCATTTATGGCAGTCGTGAGTGGTGACCATTT,0,AGACAAAAGCAGCCGATCCA,CTAGCTGAAGGGTGGCCAAA,59.96,59.96,308,GACAAAAGCAGCCGATCCAC,CTAGCTGAAGGGTGGCCAAA,59.83,59.96,307,CAGACGCCCAGAAAACCCTA,CTAGCTGAAGGGTGGCCAAA,59.68,59.96,346
ENST00000321358,GRCh38,1,C,CTCCCGAGGCTGAGCAGGGC,GGG,+,7/7,220,42701001,CCGACGCAGACGCCCAGAAAACCCTAAACCACAAGATGGCAAAGAGACAAAAGCAGCCGATCCACCAGCTGAGAATTCGTCCGCTCCCGAGGCTGAGCAG,GGCGGGGCTGAGTAAATGCCGGCTTACCATCTCTACCATCATCCGGGTAAGCAAGCTTGGATGGCCATCCATTTATGGCAGTCGTGAGTGGTGACCATTT,0,AGACAAAAGCAGCCGATCCA,CTAGCTGAAGGGTGGCCAAA,59.96,59.96,308,GACAAAAGCAGCCGATCCAC,CTAGCTGAAGGGTGGCCAAA,59.83,59.96,307,CAGACGCCCAGAAAACCCTA,CTAGCTGAAGGGTGGCCAAA,59.68,59.96,346
ENST00000356674,GRCh38,7,N,TGAGTCCGCGATGGAGGTAA,CGG,+,1/11,7,26200571,CAGCGCCAGGACGAGTCCGGTTCGTGTTCGTCCGCGGAGATCTCTCTCATCTCGCTCGGCTGCGGGAAATCGGGCTGAAGCGACTGAGTCCGCGATGGAG,GTAACGGGTTTGAAATCAATGAGTTATTGAAAAGGGCATGGCGAGGCCGTTGGCGCCTCAGTGGAAGTCGGCCAGCCGCCTCCGTGGGAGAGAGGCAGGA,0,GGGTGGGGAAGCTGTTTGTA,CAGTTCTCACTACAGCGCCA,59.89,60.04,300,GGGTGGGGAAGCTGTTTGTA,CAGCGGCAGTTCTCACTACA,59.89,60.04,306,TTGGTCCGATTTCCTGCCTC,TTAGTGGGGGGGAAGGTTCT,60.04,59.8,335
ENST00000356674,GRCh38,7,N,GAGTCCGCGATGGAGGTAAC,GGG,+,1/11,8,26200570,CGCCAGGACGAGTCCGGTTCGTGTTCGTCCGCGGAGATCTCTCTCATCTCGCTCGGCTGCGGGAAATCGGGCTGAAGCGACTGAGTCCGCGATGGAGGTA,ACGGGTTTGAAATCAATGAGTTATTGAAAAGGGCATGGCGAGGCCGTTGGCGCCTCAGTGGAAGTCGGCCAGCCGCCTCCGTGGGAGAGAGGCAGGAAAT,0,GGGTGGGGAAGCTGTTTGTA,CAGTTCTCACTACAGCGCCA,59.89,60.04,300,GGGTGGGGAAGCTGTTTGTA,CAGCGGCAGTTCTCACTACA,59.89,60.04,306,TTGGTCCGATTTCCTGCCTC,TTAGTGGGGGGGAAGGTTCT,60.04,59.8,335
ENST00000295095,GRCh38,2,N,TACAAATTCTGATACTTCCG,TGG,+,1/13,28,143155519,AGAGTTTTCATGGAAAATTGTATGTTTAGAATAACATAATACATTTTATATTTTATCAGGATAGCACTATAATATGCAGAAATCTACAAATTCTGATACT,TCCGTGGAAACACTGAATTCTACCCGCCAAGGCACAGGAGCTGTGCAAATGAGAATCAAAAATGCCAACAGCCACCATGACAGGCTCAGCCAAAGTAAAT,0,GTCAGAGAGGTGAAGACTCTTGT,GGTTCAGTGACCTTCCCGAC,59.43,60.32,305,GTCAGAGAGGTGAAGACTCTTGT,GTTCAGTGACCTTCCCGACA,59.43,59.61,304,GTCAGAGAGGTGAAGACTCTTGT,CAGTGACCTTCCCGACATCG,59.43,60.46,301
ENST00000295095,GRCh38,2,N,GGTAGAATTCAGTGTTTCCA,CGG,-,1/13,34,143155525,TTCATGGAAAATTGTATGTTTAGAATAACATAATACATTTTATATTTTATCAGGATAGCACTATAATATGCAGAAATCTACAAATTCTGATACTTCCGTG,GAAACACTGAATTCTACCCGCCAAGGCACAGGAGCTGTGCAAATGAGAATCAAAAATGCCAACAGCCACCATGACAGGCTCAGCCAAAGTAAATCCATGA,0,GTCAGAGAGGTGAAGACTCTTGT,GGTTCAGTGACCTTCCCGAC,59.43,60.32,305,GTCAGAGAGGTGAAGACTCTTGT,GTTCAGTGACCTTCCCGACA,59.43,59.61,304,GTCAGAGAGGTGAAGACTCTTGT,CAGTGACCTTCCCGACATCG,59.43,60.46,301
ENST00000304032,GRCh38,2,N,CAGCTGCTGCTGGTAGTTCA,TGG,-,1/18,4,235494691,CGGGGGCTGCGGCGCCCCGGGCTCGGCGGCCCGCGGGCCCCGGGGCGCGGGGCGGCGGCGGCGGGGGGCGCGCGGCTCCGGGCGCGGCGCCTGCACCATG,AACTACCAGCAGCAGCTGGCCAACTCGGCTGCCATCCGGGCCGAGATCCAGCGCTTCGAGTCGGTCCACCCCAACATCTACTCCATCTACGAGCTGCTGG,0,CCGGCCATGAACTGAGCC,CTCCAGCAGCTCGTAGATGG,60.83,59.97,300,CTTTCTTCTCGCGCCTCCTC,GGCCCTCACCTTCGATGG,60.8,59.81,316,CTTTCTTCTCGCGCCTCCTC,ATGGCGATGACGTGCTCC,60.8,60.2,302
ENST00000304032,GRCh38,2,N,CCGAGTTGGCCAGCTGCTGC,TGG,-,1/18,14,235494701,CGCCCCGGGCTCGGCGGCCCGCGGGCCCCGGGGCGCGGGGCGGCGGCGGCGGGGGGCGCGCGGCTCCGGGCGCGGCGCCTGCACCATGAACTACCAGCAG,CAGCTGGCCAACTCGGCTGCCATCCGGGCCGAGATCCAGCGCTTCGAGTCGGTCCACCCCAACATCTACTCCATCTACGAGCTGCTGGAGCGCGTGGAGG,0,CTTTCTTCTCGCGCCTCCTC,GGCCCTCACCTTCGATGG,60.8,59.81,316,CTTTCTTCTCGCGCCTCCTC,ATGGCGATGACGTGCTCC,60.8,60.2,302,CTTTCTTCTCGCGCCTCCTC,CCCTCACCTTCGATGGCG,60.8,60.2,314
ENST00000473312,GRCh38,7,N,GGCTCTGCCCCCCGCCCGCC,TGG,-,1/9,4,151086746,ATG,AACTTCCAGGCGGGCGGGGGGCAGAGCCCGCAGCAGCAGCAGAGCCTGGCGGCTCCGGGGGGCGGCGGCGCTGCCGCGCAGCAGCTCGTCTGCGGCGGGC,0,TCCGAAGCCATGAACTTCCA,CAGCGCCAAATCCTCGATG,59.31,59.35,303,GCTCCGAAGCCATGAACTTC,CAGCGCCAAATCCTCGATG,59.27,59.35,305,GAAGCCATGAACTTCCAGGC,CAGCGCCAAATCCTCGATG,59.19,59.35,300
ENST00000473312,GRCh38,7,N,ATGAACTTCCAGGCGGGCGG,GGG,+,1/9,7,151086749,ATGAAC,TTCCAGGCGGGCGGGGGGCAGAGCCCGCAGCAGCAGCAGAGCCTGGCGGCTCCGGGGGGCGGCGGCGCTGCCGCGCAGCAGCTCGTCTGCGGCGGGCAGT,0,TCCGAAGCCATGAACTTCCA,CAGCGCCAAATCCTCGATG,59.31,59.35,303,GCTCCGAAGCCATGAACTTC,CAGCGCCAAATCCTCGATG,59.27,59.35,305,TCCGAAGCCATGAACTTCCA,TCTGCAGCGCCAAATCCTC,59.31,60.75,307
ENST00000366769,GRCh38,1,C,GAGCACTGACCGCGGGAGCT,GGG,+,36/36,118,226994282,GCATTCCACAGCTTCCAACAGTTCCAACCTAAGCAGCCCCCCAAGCCCAGCTTCACCCCGAAAAACCAAGAGCCTCTCCCTGGAGAGCACTGACCGCGGG,AGCTGGGACCCGTGAGCTGCCTCAGCACTGGGACCTCTCGCTCTCCGCTCCCTGCCACTCGCCTCCTCTCACTTTCATCTCTTCCCTCCACCTCGCCTGC,0,CTCCTGAATCCCTGTCCTGC,TCCCTTTCTCCCCCTCCTTC,59.82,60.25,320,CTCCTGAATCCCTGTCCTGC,CCCTTTCTCCCCCTCCTTCT,59.82,60.25,319,CTCCTGAATCCCTGTCCTGC,CTCCCTTTCTCCCCCTCCTT,59.82,60.25,321
ENST00000366769,GRCh38,1,C,AGAGCACTGACCGCGGGAGC,TGG,+,36/36,117,226994283,GCATTCCACAGCTTCCAACAGTTCCAACCTAAGCAGCCCCCCAAGCCCAGCTTCACCCCGAAAAACCAAGAGCCTCTCCCTGGAGAGCACTGACCGCGGG,AGCTGGGACCCGTGAGCTGCCTCAGCACTGGGACCTCTCGCTCTCCGCTCCCTGCCACTCGCCTCCTCTCACTTTCATCTCTTCCCTCCACCTCGCCTGC,0,CTCCTGAATCCCTGTCCTGC,TCCCTTTCTCCCCCTCCTTC,59.82,60.25,320,CTCCTGAATCCCTGTCCTGC,CCCTTTCTCCCCCTCCTTCT,59.82,60.25,319,CTCCTGAATCCCTGTCCTGC,CTCCCTTTCTCCCCCTCCTT,59.82,60.25,321
ENST00000424889,GRCh38,16,N,CTTCAGGATGACGCTGGACG,TGG,+,1/10,10,30748831,CCGGGAGCCGCCATGCGGGTCGTCTCAGAGCCTGTGGGCCTCCCTGCCCTCACTGCCCTCCTCCTCCGCGCAGGCCCCCGCCTCCTTCAGGATGACGCTG,GACGTGGGGCCGGAGGATGAGCTGCCCGACTGGGCCGCCGCCAAAGAGTTTTACCAGAAGTACGACCCTAAGGACGTCATCGGCAGGTAAGGCCGCGGCC,0,GCTCTTCTGCGGGGTCTC,GCTCGACCTCTTTGGACCTC,59.81,60.11,320,GCTCTTCTGCGGGGTCTC,TTTGGACCTCCGTTTCCCTG,59.81,59.89,310,GCTCTTCTGCGGGGTCTC,TCTTTGGACCTCCGTTTCCC,59.81,59.6,312
ENST00000424889,GRCh38,16,N,TTCAGGATGACGCTGGACGT,GGG,+,1/10,11,30748832,GGAGCCGCCATGCGGGTCGTCTCAGAGCCTGTGGGCCTCCCTGCCCTCACTGCCCTCCTCCTCCGCGCAGGCCCCCGCCTCCTTCAGGATGACGCTGGAC,GTGGGGCCGGAGGATGAGCTGCCCGACTGGGCCGCCGCCAAAGAGTTTTACCAGAAGTACGACCCTAAGGACGTCATCGGCAGGTAAGGCCGCGGCCAGG,0,GCTCTTCTGCGGGGTCTC,GCTCGACCTCTTTGGACCTC,59.81,60.11,320,GCTCTTCTGCGGGGTCTC,TTTGGACCTCCGTTTCCCTG,59.81,59.89,310,GCTCTTCTGCGGGGTCTC,TCTTTGGACCTCCGTTTCCC,59.81,59.6,312
ENST00000312175,GRCh38,11,C,GCTTCGGATGCCTTCGAGAG,TGG,+,2/2,123,66003749,TCTGGTGCTAAAGAAAGATGAAGACCTCTTCCGGGAATGGCTGAAAGACACTTGTGGCGCCAACGCCAAGCAGTCCCGGGACTGCTTCGGATGCCTTCGA,GAGTGGTGCGACGCCTTCTTGTGATGCTCTCTGGGAAGCTCTCAATCCCCAGCCCTCATCCAGAGTTTGCAGCCGAGTAGGGACTCCTCCCCTGTCCTCT,0,CGCTCCTTCCTTTTCCCTGT,CCCAAAAGACCCCGGAGTAC,59.96,60.04,309,ACGCTCCTTCCTTTTCCCTG,CCCAAAAGACCCCGGAGTAC,59.96,60.04,310,CACGCTCCTTCCTTTTCCCT,CCCAAAAGACCCCGGAGTAC,59.96,60.04,311
ENST00000312175,GRCh38,11,C,AGGCGTCGCACCACTCTCGA,AGG,-,2/2,122,66003748,TCTGGTGCTAAAGAAAGATGAAGACCTCTTCCGGGAATGGCTGAAAGACACTTGTGGCGCCAACGCCAAGCAGTCCCGGGACTGCTTCGGATGCCTTCGA,GAGTGGTGCGACGCCTTCTTGTGATGCTCTCTGGGAAGCTCTCAATCCCCAGCCCTCATCCAGAGTTTGCAGCCGAGTAGGGACTCCTCCCCTGTCCTCT,0,CGCTCCTTCCTTTTCCCTGT,CCCAAAAGACCCCGGAGTAC,59.96,60.04,309,ACGCTCCTTCCTTTTCCCTG,CCCAAAAGACCCCGGAGTAC,59.96,60.04,310,CACGCTCCTTCCTTTTCCCT,CCCAAAAGACCCCGGAGTAC,59.96,60.04,311
ENST00000329138,GRCh38,17,N,GGTGCCGCTGCCTCGCCCCA,TGG,-,1/22,4,81684071,GCGCCAGCTCGTAGCAGGGGAGCGCCCGCGGCGTCGGGTTTGGGCTGGAGGTCGCCATG,GGGCGAGGCAGCGGCACCTTCGAGCGTCTCCTAGGTAACGCGTCCCCACCCGACGGCTCGGCCTTGGTCAGCCCGCAGCCTCCGCCCGGCGCTGAGTCAG,0,CTGGAGGGAAAAGGCGGAAG,CAGAGCCCCATTTGCCAAC,60.68,59.41,343,CTGGAGGGAAAAGGCGGAAG,AGAGCCCCATTTGCCAACG,60.68,60.98,342,CTGGAGGGAAAAGGCGGAAG,CATTTGCCAACGCCCGAC,60.68,60.13,335
ENST00000329138,GRCh38,17,N,GTCGCCATGGGGCGAGGCAG,CGG,+,1/22,11,81684078,GCGCCAGCTCGTAGCAGGGGAGCGCCCGCGGCGTCGGGTTTGGGCTGGAGGTCGCCATGGGGCGAGGC,AGCGGCACCTTCGAGCGTCTCCTAGGTAACGCGTCCCCACCCGACGGCTCGGCCTTGGTCAGCCCGCAGCCTCCGCCCGGCGCTGAGTCAGCGCGGCCCC,0,CTGGAGGGAAAAGGCGGAAG,CAGAGCCCCATTTGCCAAC,60.68,59.41,343,CTGGAGGGAAAAGGCGGAAG,AGAGCCCCATTTGCCAACG,60.68,60.98,342,CTGGAGGGAAAAGGCGGAAG,CATTTGCCAACGCCCGAC,60.68,60.13,335
ENST00000397128,GRCh38,5,N,CCAGGAACTGAGTCTGCGCA,TGG,-,1/9,4,40798186,TGACTCGGCTCGGTGGCTGCCCTCCCGCGTCCCCACCCCCTCCCCGCCCGCCCCCGGCGCGGCCCTGCCCGCCCCCTCCGCCCCCTCCCGCAGCGCCATG,CGCAGACTCAGTTCCTGGAGAAAGATGGCGACAGCCGAGAAGCAGAAACACGACGGGCGGGTGAAGATCGGCCACTACATTCTGGGTGACACGCTGGGGG,0,TGTTTCTGCTTCTCGGCTGT,CCGCCTAATCGTTCCAGGAA,59.89,59.82,326,TCACCCTTCACTTTGCCGAA,GCGGGTACTGGTGATTCTCC,59.82,60.18,329,TCACCCTTCACTTTGCCGAA,GGCGGGTACTGGTGATTCTC,59.82,60.18,330
ENST00000397128,GRCh38,5,N,CCATGCGCAGACTCAGTTCC,TGG,+,1/9,15,40798175,GTGGCTGCCCTCCCGCGTCCCCACCCCCTCCCCGCCCGCCCCCGGCGCGGCCCTGCCCGCCCCCTCCGCCCCCTCCCGCAGCGCCATGCGCAGACTCAGT,TCCTGGAGAAAGATGGCGACAGCCGAGAAGCAGAAACACGACGGGCGGGTGAAGATCGGCCACTACATTCTGGGTGACACGCTGGGGGTCGGCACCTTCG,0,TGTTTCTGCTTCTCGGCTGT,CCGCCTAATCGTTCCAGGAA,59.89,59.82,326,TCACCCTTCACTTTGCCGAA,GCGGGTACTGGTGATTCTCC,59.82,60.18,329,TCACCCTTCACTTTGCCGAA,GGCGGGTACTGGTGATTCTC,59.82,60.18,330
ENST00000517671,GRCh38,5,C,TTCAAGATCTCTGGCAGTGG,AGG,+,11/11,21,171410548,ATGCAAAGAGACATTTAATTTATTGATGTCTATGAAGTGTTGTGGTTCCTTAACCACATTTCTTTTTTTTTTTTTCCAGGCTATTCAAGATCTCTGGCAG,TGGAGGAAGTCTCTTTAAGAAAATAGTTTAAACAATTTGTTAAAAAATTTTCCGTCTTATTTCATTTCTGTAACAGTTGATATCTGGCTGTCCTTTTTAT,0,TCTCTGGCAGTGGAGGAAGT,CCCCACCATTTCCATGTCTGA,60.18,59.99,300,TCTCTGGCAGTGGAGGAAGT,TCCCCACCATTTCCATGTCTG,60.18,59.99,301,CTCTGGCAGTGGAGGAAGTC,TCCCCACCATTTCCATGTCTG,59.75,59.99,300
ENST00000517671,GRCh38,5,C,CTATTCAAGATCTCTGGCAG,TGG,+,11/11,18,171410545,ACTATGCAAAGAGACATTTAATTTATTGATGTCTATGAAGTGTTGTGGTTCCTTAACCACATTTCTTTTTTTTTTTTTCCAGGCTATTCAAGATCTCTGG,CAGTGGAGGAAGTCTCTTTAAGAAAATAGTTTAAACAATTTGTTAAAAAATTTTCCGTCTTATTTCATTTCTGTAACAGTTGATATCTGGCTGTCCTTTT,0,AGATCTCTGGCAGTGGAGGA,CCACCATTTCCATGTCTGACC,59.66,58.91,301,AGATCTCTGGCAGTGGAGGA,CACCATTTCCATGTCTGACCAC,59.66,59.51,300,AGATCTCTGGCAGTGGAGGA,CCACCATTTCCATGTCTGACCA,59.66,60.56,301
ENST00000351193,GRCh38,3,N,ATACAGAACGATGGAGTATA,TGG,+,1/15,7,161222021,GAGGAGACTAGGTAAAGTGATTTAAATCCCAACATTCTCTTTTTTTTTTTTTTTTTTTTTTTTTTTTTTAAAAGAACTTAAGGCATACAGAACGATGGAG,TATATGGCAGAATCCACCGACCGCAGCCCTGGACACATGTGAGTGCGACACTTCTTCCTTCCCCCTTAAATGTGAAAATCTTCAGTGAGCCCGGGAAACT,0,CCAGTGGAGTTGGGTTTCCT,CACCCTCAAGCGTTCTCCAT,59.52,60.04,313,CCAGTGGAGTTGGGTTTCCT,CTTTCCCACCCACCCTCAAG,59.52,60.25,323,CCAGTGGAGTTGGGTTTCCT,ATACGCTCTTTCCCACCCAC,59.52,59.75,330
ENST00000351193,GRCh38,3,N,GTGTCCAGGGCTGCGGTCGG,TGG,-,1/15,25,161222039,GATTTAAATCCCAACATTCTCTTTTTTTTTTTTTTTTTTTTTTTTTTTTTTAAAAGAACTTAAGGCATACAGAACGATGGAGTATATGGCAGAATCCACC,GACCGCAGCCCTGGACACATGTGAGTGCGACACTTCTTCCTTCCCCCTTAAATGTGAAAATCTTCAGTGAGCCCGGGAAACTCACTATGGAGAACGCTTG,0,TGGGTTTCCTTCTTTCCTGCT,CACCCTCAAGCGTTCTCCAT,59.5,60.04,303,TGGGTTTCCTTCTTTCCTGCT,CTTTCCCACCCACCCTCAAG,59.5,60.25,313,TGGGTTTCCTTCTTTCCTGCT,ATACGCTCTTTCCCACCCAC,59.5,59.75,320
ENST00000274054,GRCh38,4,C,TCATTTTGGACCTTACTATT,AGG,+,8/8,447,163128902,ATTACTTAACTTACCATACTCCCTACCCCCACCCCCTCCCCCTCCACCACTGCCTCCTCCACCCTCTTCTGGAGATAGTAATTCTCATTTTGGACCTTAC,TATTAGGTGACTATGCATTTCCAGAGAAATGTGGACTTTTCATATTATGTGGTAAGGATTTTTTTTTTTCAAGAGTGATTATGGAGCTAGATTTTTAAAA,0,TCTCTGGAAATGCATAGTCACCT,TGGTATCTCAGGAGACTTCAGGA,59.22,59.73,305,TCTCTGGAAATGCATAGTCACC,TGGTATCTCAGGAGACTTCAGGA,57.86,59.73,305,TCTCTGGAAATGCATAGTCACCT,TGGTATCTCAGGAGACTTCAGG,59.22,58.36,305
ENST00000274054,GRCh38,4,C,GGAGATAGTAATTCTCATTT,TGG,+,8/8,433,163128916,GGCTGCTCATCCATTACTTAACTTACCATACTCCCTACCCCCACCCCCTCCCCCTCCACCACTGCCTCCTCCACCCTCTTCTGGAGATAGTAATTCTCAT,TTTGGACCTTACTATTAGGTGACTATGCATTTCCAGAGAAATGTGGACTTTTCATATTATGTGGTAAGGATTTTTTTTTTTCAAGAGTGATTATGGAGCT,0,TCTCTGGAAATGCATAGTCACCT,TGGTATCTCAGGAGACTTCAGGA,59.22,59.73,305,TCTCTGGAAATGCATAGTCACC,TGGTATCTCAGGAGACTTCAGGA,57.86,59.73,305,TCTCTGGAAATGCATAGTCACCT,TGGTATCTCAGGAGACTTCAGG,59.22,58.36,305
ENST00000367142,GRCh38,1,C,AGATGAAGCCCCTTCTGGGG,AGG,+,7/7,189,205718291,AGAAGATGAGGAACCGGAAAGCCCGCCAGAAAAGAAAACATCTACAAGCCCCCCACCCGAGAAATCTGGGGATGAAGGGTCTGAAGATGAAGCCCCTTCT,GGGGAGGATTAAAAGTGATGATGGTCTGGGGAGAGATTTTATTAAAAAAAAAAAGAAAAAAAAAGAAAAAAGAGGGAGGAAAAAAAAGAACCTACTTAAG,0,AAAGCCCATGAGTCAAGCCA,AGGCAAAGGGAAAGTGGGTC,59.89,60.18,309,AAAGCCCATGAGTCAAGCCA,AAGGCAAAGGGAAAGTGGGT,59.89,59.74,310,AAGCCCATGAGTCAAGCCAT,AGGCAAAGGGAAAGTGGGTC,59.67,60.18,308
ENST00000367142,GRCh38,1,C,CACTTTTAATCCTCCCCAGA,AGG,-,7/7,188,205718292,AGAAGATGAGGAACCGGAAAGCCCGCCAGAAAAGAAAACATCTACAAGCCCCCCACCCGAGAAATCTGGGGATGAAGGGTCTGAAGATGAAGCCCCTTCT,GGGGAGGATTAAAAGTGATGATGGTCTGGGGAGAGATTTTATTAAAAAAAAAAAGAAAAAAAAAGAAAAAAGAGGGAGGAAAAAAAAGAACCTACTTAAG,0,AAAGCCCATGAGTCAAGCCA,AGGCAAAGGGAAAGTGGGTC,59.89,60.18,309,AAAGCCCATGAGTCAAGCCA,AAGGCAAAGGGAAAGTGGGT,59.89,59.74,310,AAGCCCATGAGTCAAGCCAT,AGGCAAAGGGAAAGTGGGTC,59.67,60.18,308
ENST00000354228,GRCh38,X,C,AAGACAAGATTAAAAAAAGC,TGG,-,10/10,2,119616741,TACCTCAATATTGCCCATTCCCCTCCCCCTGTCTTACTTTGAATGTCCTCTTTCTTTGGCTAATTTCATGTTTTCTTTCTCTTTCTCTCTCCTTTCCAGC,TTTTTTTAATCTTGTCTTCAGCAGCTGCAC,0,GTGTGCTTGCAGTTTGAGGG,TCTCAGCAGATTTCCCCGTG,59.97,59.75,310,GTGTGCTTGCAGTTTGAGGG,AGATTTCCCCGTGGTGATGG,59.97,59.74,303,GTGTGCTTGCAGTTTGAGGG,GCAGATTTCCCCGTGGTGAT,59.97,60.39,305
ENST00000379719,GRCh38,11,C,GAGATAACTCAATTCATCCC,TGG,-,25/25,89,9445186,TTGTTTTCTAGAATCCAAAATGATTGAGAAGCATGGAGGATACAAATTCAGTGCTCCAGTTGTGCCAAGTTCTTTCAATTTTGGAGGCCCAGCACCAGGG,ATGAATTGAGTTATCTCTTTCTTTCCTGCTGTGTGCTTGTAGTGAAGAGCTTGTGTTCCTCCTAGTAGTGGTTCCAGAACTGGTTCATGTTATCTATTCT,0,TCCTGGCCACTAATGATGGT,CCATCTCCTGGGGTTGTTGT,58.4,59.59,348,TCCTGGCCACTAATGATGGTT,CCATCTCCTGGGGTTGTTGT,59.08,59.59,348,TTCCTGGCCACTAATGATGGT,CCATCTCCTGGGGTTGTTGT,59.08,59.59,349
ENST00000379719,GRCh38,11,C,ATTTTGGAGGCCCAGCACCA,GGG,+,25/25,83,9445180,TTTTATTTGTTTTCTAGAATCCAAAATGATTGAGAAGCATGGAGGATACAAATTCAGTGCTCCAGTTGTGCCAAGTTCTTTCAATTTTGGAGGCCCAGCA,CCAGGGATGAATTGAGTTATCTCTTTCTTTCCTGCTGTGTGCTTGTAGTGAAGAGCTTGTGTTCCTCCTAGTAGTGGTTCCAGAACTGGTTCATGTTATC,0,TCCTGGCCACTAATGATGGT,CCATCTCCTGGGGTTGTTGT,58.4,59.59,348,TCCTGGCCACTAATGATGGTT,CCATCTCCTGGGGTTGTTGT,59.08,59.59,348,TTCCTGGCCACTAATGATGGT,CCATCTCCTGGGGTTGTTGT,59.08,59.59,349
ENST00000297540,GRCh38,5,C,AGTTGATCATTCTCATGATT,TGG,+,5/5,253,126624828,TGACACGAATGAGGCCTTGGCCTCTCTTGATGAGTCACAGGAAGGACATGCAGAAGCCAAGTTGGAGGCAGAGGAAGCCATTGAAGTTGATCATTCTCAT,GATTTGGACATCTTTTAAGTACATTTTCAACAGTTTGAGGACTAAGCCTTTCTAAAATAACATTGTAATAAACCATTTTTACTGAGATTGCAACGTTTTG,0,AGGAAGGACATGCAGAAGCC,AGCACATGCAACAGATTGAGA,60.03,58.21,320,GCCTTGGCCTCTCTTGATGA,AGCACATGCAACAGATTGAGA,59.75,58.21,345,GGAAGGACATGCAGAAGCCA,AGCACATGCAACAGATTGAGA,60.32,58.21,319
ENST00000297540,GRCh38,5,C,ATGAGAATGATCAACTTCAA,TGG,-,5/5,235,126624810,ACGAGAAACTTTTGCAAGTGACACGAATGAGGCCTTGGCCTCTCTTGATGAGTCACAGGAAGGACATGCAGAAGCCAAGTTGGAGGCAGAGGAAGCCATT,GAAGTTGATCATTCTCATGATTTGGACATCTTTTAAGTACATTTTCAACAGTTTGAGGACTAAGCCTTTCTAAAATAACATTGTAATAAACCATTTTTAC,0,AGGAAGGACATGCAGAAGCC,AGCACATGCAACAGATTGAGA,60.03,58.21,320,GCCTTGGCCTCTCTTGATGA,AGCACATGCAACAGATTGAGA,59.75,58.21,345,GGAAGGACATGCAGAAGCCA,AGCACATGCAACAGATTGAGA,60.32,58.21,319
ENST00000252512,GRCh38,8,N,CAAAATGGCGGATCATGTGC,AGG,+,1/28,13,21919784,CGGCGTCGGCGGCGGCGGCGGCAGCGGCTCCGGCCGAGGTGCGCGCTGGGGGGGAGGGGGGGCCGGAGAGGAGCATGAATGGAGCAAAATGGCGGATCAT,GTGCAGGTGAGAGGAGCCGCGGGGGGGAGGGGGCGACCACGAAGAGCGGCGAGTGGAGTCGGGGGTGCACACGGCCCACAGGGCGCCAGCCGGCTCGGGA,0,CGGATCATGTGCAGGTGAGA,GTGACTGACGAACGTTGTGG,59.82,59.42,300,CCGGAGAGGAGCATGAATGG,TGACTGACGAACGTTGTGGG,60.25,60.53,329,CCGGAGAGGAGCATGAATGG,GTGACTGACGAACGTTGTGG,60.25,59.42,330
ENST00000252512,GRCh38,8,N,GCGGATCATGTGCAGGTGAG,AGG,+,1/28,20,21919791,CGGCGGCGGCGGCAGCGGCTCCGGCCGAGGTGCGCGCTGGGGGGGAGGGGGGGCCGGAGAGGAGCATGAATGGAGCAAAATGGCGGATCATGTGCAGGTG,AGAGGAGCCGCGGGGGGGAGGGGGCGACCACGAAGAGCGGCGAGTGGAGTCGGGGGTGCACACGGCCCACAGGGCGCCAGCCGGCTCGGGACTCGGCAGG,0,CGGATCATGTGCAGGTGAGA,GTGACTGACGAACGTTGTGG,59.82,59.42,300,CCGGAGAGGAGCATGAATGG,TGACTGACGAACGTTGTGGG,60.25,60.53,329,CCGGAGAGGAGCATGAATGG,GTGACTGACGAACGTTGTGG,60.25,59.42,330
ENST00000420993,GRCh38,22,N,CCTCCCGGACATGGAGGACG,TGG,+,1/20,7,50508345,AGCAAAATGGCGCCAGAACTAGTGGCGGGCTGAGGACGCCGTACCCCTCGGAAGGCAGCCCTGCGGTCCCTTTGCCGCCCGTTCCCTCCCGGACATGGAG,GACGTGGAGGCGCGCTTCGCCCACCTCTTGCAGCCCATCCGCGACCTCACCAAGAACTGGGAGGTGGACGTGGCGGCCCAGCTGGGCGAGTATCTGGAGG,0,AATGGCGCCAGAACTAGTGG,GAGCGCCAGATAGCCATAGG,60.39,60.11,315,GCAAAATGGCGCCAGAACTA,GAGCGCCAGATAGCCATAGG,59.47,60.11,319,ATTTTCCTGGGCGGGAACAG,GAGCGCCAGATAGCCATAGG,60.61,60.11,338
ENST00000420993,GRCh38,22,N,CCCGGACATGGAGGACGTGG,AGG,+,1/20,10,50508348,AAAATGGCGCCAGAACTAGTGGCGGGCTGAGGACGCCGTACCCCTCGGAAGGCAGCCCTGCGGTCCCTTTGCCGCCCGTTCCCTCCCGGACATGGAGGAC,GTGGAGGCGCGCTTCGCCCACCTCTTGCAGCCCATCCGCGACCTCACCAAGAACTGGGAGGTGGACGTGGCGGCCCAGCTGGGCGAGTATCTGGAGGAGG,0,AATGGCGCCAGAACTAGTGG,GAGCGCCAGATAGCCATAGG,60.39,60.11,315,GCAAAATGGCGCCAGAACTA,GAGCGCCAGATAGCCATAGG,59.47,60.11,319,ATTTTCCTGGGCGGGAACAG,GAGCGCCAGATAGCCATAGG,60.61,60.11,338
ENST00000595090,GRCh38,19,C,TCCAACTCAGGAGGTGTCCA,TGG,-,15/15,15,49015832,GAGGGAGGAAGAGGGAGCTCGGCGTAGAAGGCTCAGGCCCTGCCACCTGGGCGACACTGACCATGTGGCCTTCCTTCTCCCCACAGAAGGCGAGACCATG,GACACCTCCTGAGTTGGATGTCATCCCCCGACCCCACCCTGTTTTCCACCAGAGTTCTGACACTGTGACTCTGTATAAAATGGTTGGGAAGCTGCACCCA,0,TGACCATGTGGCCTTCCTTC,CTCAGGCCTCCTCTTCCTCT,59.96,60.03,302,TGACCATGTGGCCTTCCTTC,CTCTCAGGCCTCCTCTTCCT,59.96,60.03,304,TGACCATGTGGCCTTCCTTC,TCTCAGGCCTCCTCTTCCTC,59.96,60.03,303
ENST00000595090,GRCh38,19,C,CCCCACAGAAGGCGAGACCA,TGG,+,15/15,9,49015826,ACCTCAGAGGGAGGAAGAGGGAGCTCGGCGTAGAAGGCTCAGGCCCTGCCACCTGGGCGACACTGACCATGTGGCCTTCCTTCTCCCCACAGAAGGCGAG,ACCATGGACACCTCCTGAGTTGGATGTCATCCCCCGACCCCACCCTGTTTTCCACCAGAGTTCTGACACTGTGACTCTGTATAAAATGGTTGGGAAGCTG,0,TGACCATGTGGCCTTCCTTC,CTCAGGCCTCCTCTTCCTCT,59.96,60.03,302,TGACCATGTGGCCTTCCTTC,CTCTCAGGCCTCCTCTTCCT,59.96,60.03,304,TGACCATGTGGCCTTCCTTC,TCTCAGGCCTCCTCTTCCTC,59.96,60.03,303
ENST00000396394,GRCh38,11,C,CTTATCACTTAATGTTCCAT,TGG,-,10/10,48,14505201,TATTGATCAAGTGTTCATTTTACATATTTTCTTTTTTTCTTTCCCTGTTAAGCCTGCTCAACCTGCTGATGAACCTGCAGAAAAGGCTGATGAACCAATG,GAACATTAAGTGATAAGCCAGTCTATATATGTATTATCAAATATGTAAGAATACAGGCACCACATACTGATGACAATAATCTATACTTTGAACCAAAAGT,0,AGCATTCCACCACTCTGCAA,TGCTCAGAAATGTTAACAGGACA,59.89,58.29,326,AGCATTCCACCACTCTGCAA,TGCTCAGAAATGTTAACAGGACAG,59.89,59.24,326,AGCATTCCACCACTCTGCAA,CTGCTCAGAAATGTTAACAGGACA,59.89,59.24,327
ENST00000396394,GRCh38,11,C,AGAAAAGGCTGATGAACCAA,TGG,+,10/10,43,14505206,TGTGTATATTGATCAAGTGTTCATTTTACATATTTTCTTTTTTTCTTTCCCTGTTAAGCCTGCTCAACCTGCTGATGAACCTGCAGAAAAGGCTGATGAA,CCAATGGAACATTAAGTGATAAGCCAGTCTATATATGTATTATCAAATATGTAAGAATACAGGCACCACATACTGATGACAATAATCTATACTTTGAACC,0,TGTTCCATTGGTTCATCAGCC,ACCTTTGTTGTTCGAGCCAAC,58.83,59.6,300,TGTTCCATTGGTTCATCAGCCT,ACCTTTGTTGTTCGAGCCAAC,60.23,59.6,300,TGTTCCATTGGTTCATCAGCC,ACCTTTGTTGTTCGAGCCAA,58.83,58.24,300
ENST00000345990,GRCh38,5,N,GGAAAATAAAAAGAAAGACA,AGG,+,1/12,19,123545683,TGATGTACCTATTTTCACAATACCCTGTTTCAGTGTGCTTGTCTTGATTAAAGAATTCAAAGTGGAGTACCGCAAACTTGATATGGAAAATAAAAAGAAA,GACAAGGACAAATCAGATGATAGAATGGCACGACCTAGTGGTCGATCGGGACACAACACTCGAGGAACTGGGTCTTCATCGTCTGGAGTTTTAATGGTTG,0,TGGGATGAACATGCTCCAGT,TCTCCAAAATTGCCACATCCA,59.01,58.11,328,TGGGATGAACATGCTCCAGT,TCTCCAAAATTGCCACATCCAA,59.01,58.76,328,TGGGATGAACATGCTCCAGT,TTCTCCAAAATTGCCACATCCA,59.01,58.76,329
ENST00000345990,GRCh38,5,N,GGACAAATCAGATGATAGAA,TGG,+,1/12,40,123545704,ACCCTGTTTCAGTGTGCTTGTCTTGATTAAAGAATTCAAAGTGGAGTACCGCAAACTTGATATGGAAAATAAAAAGAAAGACAAGGACAAATCAGATGAT,AGAATGGCACGACCTAGTGGTCGATCGGGACACAACACTCGAGGAACTGGGTCTTCATCGTCTGGAGTTTTAATGGTTGGACCTAACTTTAGAGTTGGAA,0,ACATGCTCCAGTTAATTGACTACCT,TCTCCAAAATTGCCACATCCA,60.05,58.11,320,ACATGCTCCAGTTAATTGACTACC,TCTCCAAAATTGCCACATCCA,58.81,58.11,320,TGAACATGCTCCAGTTAATTGACT,TCTCCAAAATTGCCACATCCA,58.68,58.11,323
ENST00000299300,GRCh38,12,C,GTGGGAATGCTTAACAGGGG,TGG,-,16/16,24,69601319,TTGTATTTAGTATAATACTTTGGATAAAATCATGCTCTTCATTTTTCACTATTGACTTTTTTCTTACTCTCATAGGAAACGTGTCCCTGATCACCACCCC,TGTTAAGCATTCCCACGTGCTGTCGATCTTTGGACCAGTTTCTAGCAAAGTTGTGTTTGAAAGATACTCTATTAAAGAAGACTGTGGAATCTGTTTATCG,0,TGCCACATTGGGGATTCAGT,GGGCACCGATAAACAGATTCC,59.59,59.05,306,TGCCACATTGGGGATTCAGT,GGCACCGATAAACAGATTCCAC,59.59,59.65,305,TGCCACATTGGGGATTCAGT,GGCACCGATAAACAGATTCCA,59.59,58.36,305
ENST00000299300,GRCh38,12,C,GCTTAACAGGGGTGGTGATC,AGG,-,16/16,16,69601311,TAGTTGTGTTTGTATTTAGTATAATACTTTGGATAAAATCATGCTCTTCATTTTTCACTATTGACTTTTTTCTTACTCTCATAGGAAACGTGTCCCTGAT,CACCACCCCTGTTAAGCATTCCCACGTGCTGTCGATCTTTGGACCAGTTTCTAGCAAAGTTGTGTTTGAAAGATACTCTATTAAAGAAGACTGTGGAATC,0,TGCCACATTGGGGATTCAGT,GGGCACCGATAAACAGATTCC,59.59,59.05,306,ACTGCCACATTGGGGATTCA,GGGCACCGATAAACAGATTCC,59.59,59.05,308,TGCCACATTGGGGATTCAGT,GGCACCGATAAACAGATTCCAC,59.59,59.65,305
ENST00000374206,GRCh38,9,C,AATAATCGTTCATCTCAATT,TGG,+,2/2,155,113267285,AGCCATTGGGCTTAGCAGTGATCCCAAGAGCCGGGAACAAATGATCAATGATCGGATTGGTTATAAACCCCAACCCAAGCCCAATAATCGTTCATCTCAA,TTTGGAAGTCTTGAATTTTAGAGATGGATTATCTTGCATGCCAGAGCGCTGGAATGGAATAAAATGATGGCAGAAGTACAAACCAGATTTAGAGAATTGA,0,TGGATTCCAGCTTAGAGTGCA,GGAGGCAGTGATGGAGAAGG,59.09,59.82,312,TCCAGCTTAGAGTGCAAGTGA,GGAGGCAGTGATGGAGAAGG,59.03,59.82,307,GCTTAGAGTGCAAGTGAAGCA,GGAGGCAGTGATGGAGAAGG,58.85,59.82,303
ENST00000374206,GRCh38,9,C,AAATTGAGATGAACGATTAT,TGG,-,2/2,142,113267298,CAGTGATGGAGAAGGAGCCATTGGGCTTAGCAGTGATCCCAAGAGCCGGGAACAAATGATCAATGATCGGATTGGTTATAAACCCCAACCCAAGCCCAAT,AATCGTTCATCTCAATTTGGAAGTCTTGAATTTTAGAGATGGATTATCTTGCATGCCAGAGCGCTGGAATGGAATAAAATGATGGCAGAAGTACAAACCA,0,GCTTAGAGTGCAAGTGAAGCA,GGAGGCAGTGATGGAGAAGG,58.85,59.82,303,CAGCTTAGAGTGCAAGTGAAGC,GGAGGCAGTGATGGAGAAGG,59.84,59.82,305,AGCTTAGAGTGCAAGTGAAGCA,GGAGGCAGTGATGGAGAAGG,60.22,59.82,304
ENST00000219473,GRCh38,16,C,GGGTTTACAGCAGGTCCACT,CGG,-,14/14,175,84779070,GCTGCGCATCGATGACCAGACAGTCAAGGTGATCAACCAGTACCAGGTGGTGAAACCAACTGCTGAACGCACAGCCTACCTCCTGTATTACCGCCGAGTG,GACCTGCTGTAAACCCTGTGTGCGCTGTGTGTGCGCCCAGTGCCCGCTTCGTAGGACACCACCTCACACTCACTTCCCGCCTCTCTTTAGTGGCTCTTTA,0,GGCGGCCATTACACTACAGA,ACAGAAGCTGTGTTGTGCAC,59.82,59.27,330,GGTCTACCATCACGGCAACA,CACGAACCCCAAGGCATCT,60.04,60.0,341,TGGTCTACCATCACGGCAAC,CACGAACCCCAAGGCATCT,60.04,60.0,342
ENST00000219473,GRCh38,16,C,TTTACAGCAGGTCCACTCGG,CGG,-,14/14,172,84779067,CTGGCTGCGCATCGATGACCAGACAGTCAAGGTGATCAACCAGTACCAGGTGGTGAAACCAACTGCTGAACGCACAGCCTACCTCCTGTATTACCGCCGA,GTGGACCTGCTGTAAACCCTGTGTGCGCTGTGTGTGCGCCCAGTGCCCGCTTCGTAGGACACCACCTCACACTCACTTCCCGCCTCTCTTTAGTGGCTCT,0,GGCGGCCATTACACTACAGA,ACAGAAGCTGTGTTGTGCAC,59.82,59.27,330,GGTCTACCATCACGGCAACA,CACGAACCCCAAGGCATCT,60.04,60.0,341,TGGTCTACCATCACGGCAAC,CACGAACCCCAAGGCATCT,60.04,60.0,342
ENST00000634702,GRCh38,2,N,GTCCACCAGACTTTTTGCAG,GGG,-,1/30,19,101698100,CACAGAGCGACAGAGACATTTATTGTTATTTGTTTTTTGGTGGCAAAAAGGGAAAATGGCGAACGACTCCCCT,GCAAAAAGTCTGGTGGACATCGACCTCTCCTCCCTGCGGGTGAGTGGGCCCGCGAGCGGGCGCGCGGGGAGCGGGCAGCCGGCAGCCGGCAGCCGGGGCC,0,AGGGAAAATGGCGAACGACT,GGTGACAAAAGAGGTGGGCT,59.96,60.18,314,ACGACTCCCCTGCAAAAAGT,GGTGACAAAAGAGGTGGGCT,59.82,60.18,300,GAAAATGGCGAACGACTCCC,GGTGACAAAAGAGGTGGGCT,59.55,60.18,311
ENST00000634702,GRCh38,2,N,TGTCCACCAGACTTTTTGCA,GGG,-,1/30,20,101698101,CACAGAGCGACAGAGACATTTATTGTTATTTGTTTTTTGGTGGCAAAAAGGGAAAATGGCGAACGACTCCCCTGCA,AAAAGTCTGGTGGACATCGACCTCTCCTCCCTGCGGGTGAGTGGGCCCGCGAGCGGGCGCGCGGGGAGCGGGCAGCCGGCAGCCGGCAGCCGGGGCCGCG,0,AGGGAAAATGGCGAACGACT,GGTGACAAAAGAGGTGGGCT,59.96,60.18,314,ACGACTCCCCTGCAAAAAGT,GGTGACAAAAGAGGTGGGCT,59.82,60.18,300,AGGGAAAATGGCGAACGACT,AGGCGGTGACAAAAGAGGTG,59.96,60.54,318
ENST00000353703,GRCh38,20,C,GACGAAGGAGACGCTGGGGA,GGG,+,5/5,41,44906423,CACTTACCTAGGGAACTTTTAGTAGCCCTGCTTTGATTATACTTCCTTTCTCTTGCAGCTGTGGACATCGGAAAACCAGGGAGACGAAGGAGACGCTGGG,GAGGGAGAGAACTAATGTTTCTCGTGCTTTGTGATCTGTTCAGTGTCACTCTGTACCCTCAACATATATCCCTTGTGCGATAAAAAAAAAAAAAAAAAAA,0,TGGGCCACTTACCTAGGGAA,GCCGTGGCATTTATGTGACC,59.88,59.9,325,CTGGGCCACTTACCTAGGGA,GCCGTGGCATTTATGTGACC,60.33,59.9,326,CATCCCTGTCTGCAGTGACA,TCCTAGGCTGAGGCTGTGAA,59.68,60.25,319
ENST00000353703,GRCh38,20,C,AGACGAAGGAGACGCTGGGG,AGG,+,5/5,40,44906422,GGCCACTTACCTAGGGAACTTTTAGTAGCCCTGCTTTGATTATACTTCCTTTCTCTTGCAGCTGTGGACATCGGAAAACCAGGGAGACGAAGGAGACGCT,GGGGAGGGAGAGAACTAATGTTTCTCGTGCTTTGTGATCTGTTCAGTGTCACTCTGTACCCTCAACATATATCCCTTGTGCGATAAAAAAAAAAAAAAAA,0,TGGGCCACTTACCTAGGGAA,GCCGTGGCATTTATGTGACC,59.88,59.9,325,CTGGGCCACTTACCTAGGGA,GCCGTGGCATTTATGTGACC,60.33,59.9,326,CATCCCTGTCTGCAGTGACA,TCCTAGGCTGAGGCTGTGAA,59.68,60.25,319
