ensemble_id	chr	Terminus	gRNA_protospacer	gRNA_pam	gRNA_strand	n-th_coding_exon/all	gRNACut_in_cds	gRNACut_in_chr	HDR_Lflank	HDR_Rflank
ENST00000263736	2	C-terminus	ATACTCATAACACCCGAATG	AGG	-	20/20	277	45389323	AAAGAAGAGAAGAAGCCTTGGACTGGGCCCCGGAGAAAGAGTGGAAGTCCAAGTACTCAACATTGACATCCCCCGATCTAGGATTACTCTGGACCTCATT	CGGGTGTTATGAGTATCCCACGAAGGCCAGACGCTGATTTTATTTTCTCATTTCCACAGATTGACAAGGATAAGTCAGTTGTTTGTAAACTCTAGGTAGC
ENST00000263736	2	C-terminus	GATTACTCTGGACCTCATTC	GGG	+	20/20	276	45389324	AACAAAGAAGAGAAGAAGCCTTGGACTGGGCCCCGGAGAAAGAGTGGAAGTCCAAGTACTCAACATTGACATCCCCCGATCTAGGATTACTCTGGACCTC	ATTCGGGTGTTATGAGTATCCCACGAAGGCCAGACGCTGATTTTATTTTCTCATTTCCACAGATTGACAAGGATAAGTCAGTTGTTTGTAAACTCTAGGT
ENST00000370339	20	C-terminus	AGAGTCGAAACAAACAATGA	GGG	+	5/5	24	63196711	GCCTCGGATCTCACTTTTGGGAGGGATTCATTGGTGTGGTTACTCTGCGTTCAACTTTTGTTTTTTCTTTTTACAGGAACGGCAGAGTCGAAACAAACAA	TGAGGGCGAACCAGTTTCTTACATGTTCTAACGTTTGACTTTGAAAACAGTTTAAAACACGTGTGCTTGGTCAGCTCCAGTGTGTCGTCCCGTGCGGGGG
ENST00000370339	20	C-terminus	CAGAGTCGAAACAAACAATG	AGG	+	5/5	23	63196712	GCCTCGGATCTCACTTTTGGGAGGGATTCATTGGTGTGGTTACTCTGCGTTCAACTTTTGTTTTTTCTTTTTACAGGAACGGCAGAGTCGAAACAAACAA	TGAGGGCGAACCAGTTTCTTACATGTTCTAACGTTTGACTTTGAAAACAGTTTAAAACACGTGTGCTTGGTCAGCTCCAGTGTGTCGTCCCGTGCGGGGG
ENST00000264221	4	C-terminus	CACATGGATTTCCTTGAAGC	AGG	+	9/9	129	56459501	AGAAGGATCAGCTCAATTTGCTGCTCAGATATTTGGGTTAAGCAACCATTTGGTATGGAGCAAACTGCGAGCAAGCATTTTGAACACATGGATTTCCTTG	AAGCAGGCTGACAAGAAAATCAGAGAATGTAATTTATAAGAAAGAATGCCATTGAATTTTTTAGGGGAAAAACTACAAATTTCTAATTTAGCTGAAGGAA
ENST00000264221	4	C-terminus	TTTCTTGTCAGCCTGCTTCA	AGG	-	9/9	129	56459501	AGAAGGATCAGCTCAATTTGCTGCTCAGATATTTGGGTTAAGCAACCATTTGGTATGGAGCAAACTGCGAGCAAGCATTTTGAACACATGGATTTCCTTG	AAGCAGGCTGACAAGAAAATCAGAGAATGTAATTTATAAGAAAGAATGCCATTGAATTTTTTAGGGGAAAAACTACAAATTTCTAATTTAGCTGAAGGAA
ENST00000623063	22	C-terminus	ACCATATGAAAGCGTGATGA	AGG	+	13/13	58	40366494	TCTTAACATTTTCTTTTGTCTTGTATTTGCTTTCCTCTGGCAGGTGCAGAGATTCTTAGAAGAGGAGGTGTATCCCCTGTTAAAACCATATGAAAGCGTG	ATGAAGGTGAAAGCAGAATTATGTCTGTAGAGTTGGAAGAGAATTAAACGAAAATCATTGTTAATTGCTGAGGCATGAAAATTGTGTTACTATAATGCCT
ENST00000623063	22	C-terminus	ACCTTCATCACGCTTTCATA	TGG	-	13/13	48	40366484	CTGCTAATATCTTAACATTTTCTTTTGTCTTGTATTTGCTTTCCTCTGGCAGGTGCAGAGATTCTTAGAAGAGGAGGTGTATCCCCTGTTAAAACCATAT	GAAAGCGTGATGAAGGTGAAAGCAGAATTATGTCTGTAGAGTTGGAAGAGAATTAAACGAAAATCATTGTTAATTGCTGAGGCATGAAAATTGTGTTACT
ENST00000360426	20	N-terminus	GGGTCAACAGGCTTATACAT	TGG	-	1/11	24	49154010	CCAGAAAAAAACAGTTCTTTGTCGATTCTTTCTTGCAGAAAGCATAACCCCTACTGTAGAACTAAATGCACTGTGCATGAAACTTGGAAAAAAACCAATG	TATAAGCCTGTTGACCCTTACTCTCGGATGCAGTCCACCTATAACTACAACATGAGAGGAGGTGCTTATCCCCCGAGGTATGTGTTTTTTTTTTTTTTTT
ENST00000360426	20	N-terminus	ATCCGAGAGTAAGGGTCAAC	AGG	-	1/11	36	49153998	AGTTCTTTGTCGATTCTTTCTTGCAGAAAGCATAACCCCTACTGTAGAACTAAATGCACTGTGCATGAAACTTGGAAAAAAACCAATGTATAAGCCTGTT	GACCCTTACTCTCGGATGCAGTCCACCTATAACTACAACATGAGAGGAGGTGCTTATCCCCCGAGGTATGTGTTTTTTTTTTTTTTTTTTTGTAAAATAC
ENST00000373886	10	N	GGGCTCTCCCTGGGCGGCCA	TGG	-	1/21	4	58513148	GCGGCGCTGGGAGCCAGTTGAGCCCGGCCGGCGAGCGGAGGCGGCAGCGCAGGCAGAGCGGCGGCGGCAGCGGGAGCCCGAGCGCTGCGCGCCCACCATG	GCCGCCCAGGGAGAGCCCGGCTACCTGGCGGCGCAGTCGGACCCCGGCTCCAACAGCGAGCGCAGCACCGACTCCCCAGTGCCCGGCTCCGAGGACGACT
ENST00000373886	10	N	CGCGCCCACCATGGCCGCCC	AGG	+	1/21	7	58513151	GCGCTGGGAGCCAGTTGAGCCCGGCCGGCGAGCGGAGGCGGCAGCGCAGGCAGAGCGGCGGCGGCAGCGGGAGCCCGAGCGCTGCGCGCCCACCATGGCC	GCCCAGGGAGAGCCCGGCTACCTGGCGGCGCAGTCGGACCCCGGCTCCAACAGCGAGCGCAGCACCGACTCCCCAGTGCCCGGCTCCGAGGACGACTTGG
ENST00000339438	1	C	GAAAGAAAGATCCGTCAAGC	TGG	+	17/17	29	114718188	AGTGAATGTACTATGATTGTTGTGCGCTCAAATCATTAACTGCAGGGTTTTTTTTTTCTCCCCCCCACAGGGGTTTGGTGCAGAAAGAAAGATCCGTCAA	GCTGGTGTCATTGACTAACCACATCCACAAAGCACACCATTAATCCACTATGATCAAGTTGGGGGGAATCTGGTGAAGGGTTCTGAATATCTCCCTCTTC
ENST00000339438	1	C	AGTCAATGACACCAGCTTGA	CGG	-	17/17	29	114718188	AGTGAATGTACTATGATTGTTGTGCGCTCAAATCATTAACTGCAGGGTTTTTTTTTTCTCCCCCCCACAGGGGTTTGGTGCAGAAAGAAAGATCCGTCAA	GCTGGTGTCATTGACTAACCACATCCACAAAGCACACCATTAATCCACTATGATCAAGTTGGGGGGAATCTGGTGAAGGGTTCTGAATATCTCCCTCTTC
ENST00000427183	2	N	GCCAGCGGTCTCTCTCTGCA	AGG	-	1/26	11	241267638	ACTGAGGCTGCTTTTTCCTGTCACGCAGCTACCACTTATAACCACCTGGTTAAGTCGAGATTTGGAGGTGGTTTAGTTTGGGGCCTGGATGCACCTTGCA	GAGAGAGACCGCTGGCTTTTTGTAGCAACTGTCATGATGCATTTTGTAAGCATTAAGAGGTGTGTGGTGAGCAAATTGACAGAATAACCAAGGTCGCTGT
ENST00000427183	2	N	ACCTTGCAGAGAGAGACCGC	TGG	+	1/26	21	241267628	GCTTTTTCCTGTCACGCAGCTACCACTTATAACCACCTGGTTAAGTCGAGATTTGGAGGTGGTTTAGTTTGGGGCCTGGATGCACCTTGCAGAGAGAGAC	CGCTGGCTTTTTGTAGCAACTGTCATGATGCATTTTGTAAGCATTAAGAGGTGTGTGGTGAGCAAATTGACAGAATAACCAAGGTCGCTGTTAGGAGAAC
ENST00000336314	5	C	CACTCGAACACACAGACTTT	GGG	+	19/19	197	154814084	CAGGCCTGCTGCCATGATCAGCCAACCCCCTACACCACCCACCGGCCAGCCTGTCCGGGAAGATGCCAAATGGACAAGCCAGCACTCGAACACACAGACT	TTGGGAAAGTGAAAAGCTCCTTAGCCCTGGGGCTTGAGGGGGGAAAGGGGTAGGGTGGGTAAGAGTCCATGGGGGTGCCCAGTCCCAGGAAAGGGGACAA
ENST00000336314	5	C	GCACTCGAACACACAGACTT	TGG	+	19/19	196	154814083	CAGCAGGCCTGCTGCCATGATCAGCCAACCCCCTACACCACCCACCGGCCAGCCTGTCCGGGAAGATGCCAAATGGACAAGCCAGCACTCGAACACACAG	ACTTTGGGAAAGTGAAAAGCTCCTTAGCCCTGGGGCTTGAGGGGGGAAAGGGGTAGGGTGGGTAAGAGTCCATGGGGGTGCCCAGTCCCAGGAAAGGGGA
ENST00000329713	15	C	CCATCCGCATCTTTTCTTAA	AGG	+	2/2	1451	82043163	CCTCTTCTGCATGGAGTGCGCCAATCGCATCTGTGAGAAGAGCGAGCCCGAGTGCCCGGTCTGCCACACCGCGGTCACTCAGGCCATCCGCATCTTTTCT	TAAAGGCAGCGGGCGCTGCTAGTGCGCACCGTGCTGGGGGAAGGGGGAACCCCTCCCCACCCTCTTTCCCCAGCGCTCGCCTGCCTCCCTGGGTGCCCCC
ENST00000329713	15	C	GCTGCCTTTAAGAAAAGATG	CGG	-	2/2	1444	82043170	CCACAACCTCTTCTGCATGGAGTGCGCCAATCGCATCTGTGAGAAGAGCGAGCCCGAGTGCCCGGTCTGCCACACCGCGGTCACTCAGGCCATCCGCATC	TTTTCTTAAAGGCAGCGGGCGCTGCTAGTGCGCACCGTGCTGGGGGAAGGGGGAACCCCTCCCCACCCTCTTTCCCCAGCGCTCGCCTGCCTCCCTGGGT
ENST00000539517	14	C	GCTGCCAATCCTCAGAAAGT	GGG	+	5/5	995	26447969	AACCATTACTGGAACACCAGCTGCAACACAGGCTGCTCAATATTTAATTACACAAAGGATCACATATGAGCAAGGAGTTCGGGCTGCCAATCCTCAGAAA	GTGGGTTGAGTGCCCCAGTTACACATCAGATTGTTTTAACCCCTCCTTTACCCCATTTTCAAGAAGGATGTACTGTACTTTGCAGAAGTGAAGTTTTTCT
ENST00000539517	14	C	GGCTGCCAATCCTCAGAAAG	TGG	+	5/5	994	26447970	GGTAACCATTACTGGAACACCAGCTGCAACACAGGCTGCTCAATATTTAATTACACAAAGGATCACATATGAGCAAGGAGTTCGGGCTGCCAATCCTCAG	AAAGTGGGTTGAGTGCCCCAGTTACACATCAGATTGTTTTAACCCCTCCTTTACCCCATTTTCAAGAAGGATGTACTGTACTTTGCAGAAGTGAAGTTTT
ENST00000303577	2	N	TTCAGTCACACCGGCATCCA	TGG	-	1/1	4	70087748	GGCAGTTTTGGGCCTACACCTCCCCTCCCCCCGCCAGCCGCCAAAGACTTGACCACGTAACGAGCCCAACTCCCCCGAACGCCGCCCGCCGCTCGCCATG	GATGCCGGTGTGACTGAAAGTGGACTAAATGTGACTCTCACCATTCGGCTTCTTATGCACGGAAAGGAAGTAGGAAGCATCATTGGGAAGAAAGGGGAGT
ENST00000303577	2	N	TAGTCCACTTTCAGTCACAC	CGG	-	1/1	13	70087757	GGGCCTACACCTCCCCTCCCCCCGCCAGCCGCCAAAGACTTGACCACGTAACGAGCCCAACTCCCCCGAACGCCGCCCGCCGCTCGCCATGGATGCCGGT	GTGACTGAAAGTGGACTAAATGTGACTCTCACCATTCGGCTTCTTATGCACGGAAAGGAAGTAGGAAGCATCATTGGGAAGAAAGGGGAGTCGGTTAAGA
ENST00000257075	1	C	CCCCCTAATGGTATCATCTG	AGG	+	21/21	128	30933215	GTACACCTATGGCAAGCACATTCTGGCCAAGCTGGAGAAGTACTACATGAAGAACGGTGTTGACTTAGGGCCCATCTGTGGCCCCCCTAATGGTATCATC	TGAGGCAGTGTCACCCGCTGTTCCCTCATTCCCGCTGACCTCACTGGCCCACTGGCAAATCCAACCAGCAACCAGAAATGTTCTAGTGTAGAGTCTGAGA
ENST00000257075	1	C	CTGCCTCAGATGATACCATT	AGG	-	21/21	120	30933223	TCTTCGTAAGTACACCTATGGCAAGCACATTCTGGCCAAGCTGGAGAAGTACTACATGAAGAACGGTGTTGACTTAGGGCCCATCTGTGGCCCCCCTAAT	GGTATCATCTGAGGCAGTGTCACCCGCTGTTCCCTCATTCCCGCTGACCTCACTGGCCCACTGGCAAATCCAACCAGCAACCAGAAATGTTCTAGTGTAG
ENST00000338086	2	N	AAGCTCTTGCATTAGAATCT	CGG	+	1/20	33	20327328	ACAGGTTTGATCTGTGGATGAAATGAATCATGATTTTCAAGCTCTTGCATTAGAA	TCTCGGGGAATGGGAGAGGTAAATGTTTGCAAATACTAAGAACTTACACCTCACTTTATTTTGAGCCATTGTAACTTATTTTTTTTTTTTAACCATCTCC
ENST00000338086	2	N	AGCTCTTGCATTAGAATCTC	GGG	+	1/20	34	20327327	ACAGGTTTGATCTGTGGATGAAATGAATCATGATTTTCAAGCTCTTGCATTAGAA	TCTCGGGGAATGGGAGAGGTAAATGTTTGCAAATACTAAGAACTTACACCTCACTTTATTTTGAGCCATTGTAACTTATTTTTTTTTTTTAACCATCTCC
ENST00000263736	2	C	ATACTCATAACACCCGAATG	AGG	-	20/20	277	45389323	AAAGAAGAGAAGAAGCCTTGGACTGGGCCCCGGAGAAAGAGTGGAAGTCCAAGTACTCAACATTGACATCCCCCGATCTAGGATTACTCTGGACCTCATT	CGGGTGTTATGAGTATCCCACGAAGGCCAGACGCTGATTTTATTTTCTCATTTCCACAGATTGACAAGGATAAGTCAGTTGTTTGTAAACTCTAGGTAGC
ENST00000263736	2	C	GATTACTCTGGACCTCATTC	GGG	+	20/20	276	45389324	AACAAAGAAGAGAAGAAGCCTTGGACTGGGCCCCGGAGAAAGAGTGGAAGTCCAAGTACTCAACATTGACATCCCCCGATCTAGGATTACTCTGGACCTC	ATTCGGGTGTTATGAGTATCCCACGAAGGCCAGACGCTGATTTTATTTTCTCATTTCCACAGATTGACAAGGATAAGTCAGTTGTTTGTAAACTCTAGGT
ENST00000251091	14	C	CTTCAGCTTCTAGATGGTGG	AGG	-	11/11	21	54788937	GTGCATGGCGTTGGCATAGGTGGGCACGAACTGGATTGTTTTGCTCACCTGTGCCCATCGTTTGCTGCTTTCTCTCCCAGACGGGGTTGACCGGACCTCC	ACCATCTAGAAGCTGAAGACGAGAGTGACCGCGCTGGCCGTGAAATCGACTGCTGCGGGTCCAGTGTCCGCCATCTTCAGGGTTGCACAGAATCCTCCAA
ENST00000251091	14	C	GCTTCTAGATGGTGGAGGTC	CGG	-	11/11	16	54788932	ACCGTGCATGGCGTTGGCATAGGTGGGCACGAACTGGATTGTTTTGCTCACCTGTGCCCATCGTTTGCTGCTTTCTCTCCCAGACGGGGTTGACCGGACC	TCCACCATCTAGAAGCTGAAGACGAGAGTGACCGCGCTGGCCGTGAAATCGACTGCTGCGGGTCCAGTGTCCGCCATCTTCAGGGTTGCACAGAATCCTC
ENST00000381337	16	C	AAATGAAAATGACTTCTCAT	AGG	+	4/4	402	20736885	AAAACCAACGTCTAATCCACAGGTGGTAAATGAGGGAGGAGCCAAACCTGAACTTGCAAGTCAAGCCACAGAAGGATCCAAGTCAAATGAAAATGACTTC	TCATAGGAAGTCATTTGGTGTTGGAGGTGGGTTTCTCACCTGGGGCTCTACGAGATGTTGCTGGGGCTCCACCTTAAATTGTGACTAAAAACAGTTTTTT
ENST00000381337	16	C	GAAGTCATTTTCATTTGACT	TGG	-	4/4	384	20736903	TGAGGAGCTGGGGCAGACAAAACCAACGTCTAATCCACAGGTGGTAAATGAGGGAGGAGCCAAACCTGAACTTGCAAGTCAAGCCACAGAAGGATCCAAG	TCAAATGAAAATGACTTCTCATAGGAAGTCATTTGGTGTTGGAGGTGGGTTTCTCACCTGGGGCTCTACGAGATGTTGCTGGGGCTCCACCTTAAATTGT
ENST00000400968	1	C	CGGCTTTGATACTGGAGCTC	TGG	+	8/8	112	193084691	TCCAGCTAAATTGATTGTTTGTGGAATGACATCAAATGGTTTCACCATTGCAGACCCAGATGATAGAGGCATGTTGGATATGTGCGGCTTTGATACTGGA	GCTCTGGATGTAATTCGAAATTTCACATTAGATATGATTTAACCATAAGCAGCAGCACGATCCAGAGATCCATTGCCATCAGTGATCTCACTAAAAATAT
ENST00000400968	1	C	GATATGTGCGGCTTTGATAC	TGG	+	8/8	104	193084683	GGATATTCCAGCTAAATTGATTGTTTGTGGAATGACATCAAATGGTTTCACCATTGCAGACCCAGATGATAGAGGCATGTTGGATATGTGCGGCTTTGAT	ACTGGAGCTCTGGATGTAATTCGAAATTTCACATTAGATATGATTTAACCATAAGCAGCAGCACGATCCAGAGATCCATTGCCATCAGTGATCTCACTAA
ENST00000355665	4	N	CTCCCGACTGTCAGCCGCCA	TGG	-	1/16	4	68349750	GACGGACGGGCCCGTGCTTCTGCCGCGGCTGCGGCGCCCGCGCGAGTCGCGTCTAAGCGGCGGCGGCGGTGGCAGCGGCGGAAACCGAAGGGGAGCCATG	GCGGCTGACAGTCGGGAGGAGAAAGGTTAGTGCGGAGAAAGATGACGGGCCGAGGCGAGGCTGGGGCCCGGGAGTGGGGTGATGGAGCAGTGGTCGTCGT
ENST00000355665	4	N	GAGCCATGGCGGCTGACAGT	CGG	+	1/16	12	68349742	GCCCGTGCTTCTGCCGCGGCTGCGGCGCCCGCGCGAGTCGCGTCTAAGCGGCGGCGGCGGTGGCAGCGGCGGAAACCGAAGGGGAGCCATGGCGGCTGAC	AGTCGGGAGGAGAAAGGTTAGTGCGGAGAAAGATGACGGGCCGAGGCGAGGCTGGGGCCCGGGAGTGGGGTGATGGAGCAGTGGTCGTCGTTGGGGGTGG
ENST00000370339	20	C	AGAGTCGAAACAAACAATGA	GGG	+	5/5	24	63196711	GCCTCGGATCTCACTTTTGGGAGGGATTCATTGGTGTGGTTACTCTGCGTTCAACTTTTGTTTTTTCTTTTTACAGGAACGGCAGAGTCGAAACAAACAA	TGAGGGCGAACCAGTTTCTTACATGTTCTAACGTTTGACTTTGAAAACAGTTTAAAACACGTGTGCTTGGTCAGCTCCAGTGTGTCGTCCCGTGCGGGGG
ENST00000370339	20	C	CAGAGTCGAAACAAACAATG	AGG	+	5/5	23	63196712	GCCTCGGATCTCACTTTTGGGAGGGATTCATTGGTGTGGTTACTCTGCGTTCAACTTTTGTTTTTTCTTTTTACAGGAACGGCAGAGTCGAAACAAACAA	TGAGGGCGAACCAGTTTCTTACATGTTCTAACGTTTGACTTTGAAAACAGTTTAAAACACGTGTGCTTGGTCAGCTCCAGTGTGTCGTCCCGTGCGGGGG
ENST00000254821	1	C	TAGTGTTTTCACCAATCACC	TGG	-	10/10	6	71065747	CTTACCACTTCTGCAAATTTTTATCTTAGCCACATATAATCCCCCTAGTTTGTTGTCATCTAAACTTAATGAACATGTTCTCTATTCCATAAGCCAGGTG	ATTGGTGAAAACACTAAACAACCCTGAGCCCAGGGCCAACCCCTACGGAACACCACTACTTTACCCAGGTTGATATTGACTTATTCATACTAGCTGCATG
ENST00000368471	1	C	GATAAAAGTTCTTTTCCTCC	TGG	-	14/14	207	154584837	GGCCAAGAAAGCTGCCCGTGACTACGAGACGGCCAAGAACTACTTCAAAAAAGGCCTGAAGGATATGGGCTATGGGAACTGGATTAGCAAACCCCAGGAG	GAAAAGAACTTTTATCTCTGCCCAGTATAGTATGCTCCAGTGACAGATGGATTAGGGTGTGTCATACTAGGGTGTGAGAGAGGTAGGTCGTAGCATTCCT
ENST00000368471	1	C	ATAAAAGTTCTTTTCCTCCT	GGG	-	14/14	206	154584838	TGAGGCCAAGAAAGCTGCCCGTGACTACGAGACGGCCAAGAACTACTTCAAAAAAGGCCTGAAGGATATGGGCTATGGGAACTGGATTAGCAAACCCCAG	GAGGAAAAGAACTTTTATCTCTGCCCAGTATAGTATGCTCCAGTGACAGATGGATTAGGGTGTGTCATACTAGGGTGTGAGAGAGGTAGGTCGTAGCATT
ENST00000596459	19	C	GAGTTATTTGTGGGACTTGT	TGG	-	5/5	311	7963497	TGTGACCATGACAAACTATGAAGAAGCCGCGATGGCCATAGCCAGCCTGAACGGCTACCGCCTGGGGGACAAAATCTTACAGGTTTCCTTCAAAACCAAC	AAGTCCCACAAATAACTCGCTCATGCTTTTTTTTGTACGGAATAGATAATTAAGAGTGAAGGAGTTGAAACTTTTCTTGTTAGTGTACAACTCATTTTGC
ENST00000596459	19	C	GTGGGACTTGTTGGTTTTGA	AGG	-	5/5	302	7963506	GTTTGGCTTTGTGACCATGACAAACTATGAAGAAGCCGCGATGGCCATAGCCAGCCTGAACGGCTACCGCCTGGGGGACAAAATCTTACAGGTTTCCTTC	AAAACCAACAAGTCCCACAAATAACTCGCTCATGCTTTTTTTTGTACGGAATAGATAATTAAGAGTGAAGGAGTTGAAACTTTTCTTGTTAGTGTACAAC
ENST00000360384	9	C	TATAGTGTGAAGCAGTATTC	TGG	+	15/15	12	83969369	CGCACTTTTTTTTCTTTTCTTTTATAGTGTGAAGCAGTATGCAGATGTTGAAGGATTCTAATGCAAGATATTTTTTCTTTTTTATAGTGTGAAGCAGTAT	TCTGGAAAGTTTTTCTAAGACTAGTGAAGAACTGAAGGAGTCCTGCATCTTTTTTTTTTTATCTGCTTCTGTTTAAAAAGCCAACATTCCTCTGCTTCAT
ENST00000325495	19	N	CGCGGAGAAAATGGCGGCAG	GGG	+	1/16	7	8445006	ACACAAAGCCCAGACGCGGAGAAAATGGCG	GCAGGGGTCGAAGCGGCGGCGGAGGTGGCGGCGACGGAGATCAAAATGGAGGAAGAGAGCGGCGCGCCCGGCGTGCCGAGCGGCAACGGGGCTCCGGGCC
ENST00000325495	19	N	AATGGCGGCAGGGGTCGAAG	CGG	+	1/16	16	8445015	ACACAAAGCCCAGACGCGGAGAAAATGGCGGCAGGGGTC	GAAGCGGCGGCGGAGGTGGCGGCGACGGAGATCAAAATGGAGGAAGAGAGCGGCGCGCCCGGCGTGCCGAGCGGCAACGGGGCTCCGGGCCCTAAGGGGT
ENST00000298717	14	N	AGACTAGGATGTCGGACACG	TGG	+	1/11	9	21511215	CGCGTGAGAATTGGCTATATCCTGGAGCGAGTGCTGGGAGGTGCTAGTCCGCCGCGCCTTATTCGAGAGGTGTCAGGGCTGGGAGACTAGGATGTCGGAC	ACGTGGAGCTCTATCCAGGCCCACAAGAAGCAGCTGGACTCTCTGCGGGAGAGGCTGCAGCGGAGGCGGAAGCAGGACTCGGGGCACTTGGGTGAGGCAC
ENST00000298717	14	N	GGACACGTGGAGCTCTATCC	AGG	+	1/11	22	21511202	GGCTATATCCTGGAGCGAGTGCTGGGAGGTGCTAGTCCGCCGCGCCTTATTCGAGAGGTGTCAGGGCTGGGAGACTAGGATGTCGGACACGTGGAGCTCT	ATCCAGGCCCACAAGAAGCAGCTGGACTCTCTGCGGGAGAGGCTGCAGCGGAGGCGGAAGCAGGACTCGGGGCACTTGGGTGAGGCACTGGGCTGTTGGG
ENST00000264670	5	C	CGGCGGGGGTCCATCCACCC	CGG	+	19/19	298	6599935	GACTGAGGGACAGAGAGCAGGAGAGCCCAACAGCCCAGATGCAGAAGAGGCCAACAGTCCAGACGTGACAGCAGGCTGTGACCCGGCGGGGGTCCATCCA	CCCCGGTGAGCAGGCCCAAGGCAGCGGGGGCCCACACCCCTCACACGCAAAACTGGCTTCTTCTGGTCACTGGTGTCTGAAACCAAATCCAGAGCAGCCT
ENST00000264670	5	C	GGCCTGCTCACCGGGGTGGA	TGG	-	19/19	297	6599936	GACTGAGGGACAGAGAGCAGGAGAGCCCAACAGCCCAGATGCAGAAGAGGCCAACAGTCCAGACGTGACAGCAGGCTGTGACCCGGCGGGGGTCCATCCA	CCCCGGTGAGCAGGCCCAAGGCAGCGGGGGCCCACACCCCTCACACGCAAAACTGGCTTCTTCTGGTCACTGGTGTCTGAAACCAAATCCAGAGCAGCCT
ENST00000379052	6	N	GAAGATGCACACGACCCAGA	AGG	+	1/4	13	17281595	GCGGGAGACGCGGAGCCGGAGGAGGAGGCGCAGCCGCTGCCCGAGCCGCAGCCGCAGCCGGAGCCCGAGCCGCGGGGCGGGTGCGAAGATGCACACGACC	CAGAAGGACACGACGTACACCAAGATCTTCGTCGGGGGGCTGCCCTACCACACCACCGACGCCAGCCTGCGCAAGTACTTCGAGGTCTTCGGCGAGATCG
ENST00000379052	6	N	GGTGTACGTCGTGTCCTTCT	GGG	-	1/4	16	17281598	GGAGACGCGGAGCCGGAGGAGGAGGCGCAGCCGCTGCCCGAGCCGCAGCCGCAGCCGGAGCCCGAGCCGCGGGGCGGGTGCGAAGATGCACACGACCCAG	AAGGACACGACGTACACCAAGATCTTCGTCGGGGGGCTGCCCTACCACACCACCGACGCCAGCCTGCGCAAGTACTTCGAGGTCTTCGGCGAGATCGAGG
ENST00000254193	15	C	AAGAAGACACAGTCACAAAC	GGG	+	9/9	47	101281736	GGGAATGGATTCTCTAAAATTGATACTACTTTTGCTTTGGTGGTTTTCTTTAGGGCCCACTGATGATGGTGAAGAAGAGATGGAAGAAGACACAGTCACA	AACGGGTCCTGAGCAGTGAGGCAGATGTATAATAATAGGCCCTCTTGGAACAAGTCTTGCTTTTCGAACATGGTATAATAGCCTTGTTTGTGTTAGCAAA
ENST00000254193	15	C	GAAGAAGACACAGTCACAAA	CGG	+	9/9	46	101281737	GGGAATGGATTCTCTAAAATTGATACTACTTTTGCTTTGGTGGTTTTCTTTAGGGCCCACTGATGATGGTGAAGAAGAGATGGAAGAAGACACAGTCACA	AACGGGTCCTGAGCAGTGAGGCAGATGTATAATAATAGGCCCTCTTGGAACAAGTCTTGCTTTTCGAACATGGTATAATAGCCTTGTTTGTGTTAGCAAA
ENST00000258962	17	N	AATCACACCACCTCCCGACA	TGG	-	1/4	4	58007134	GGGCCGCGGGAGACGTGGTGCCGCTGCGGGCTCGCTCTGCCGTGCGCTAGGCTTGGTGGGAAGGCCTGTTCTCGAGTCCGCGCTTTTCGTCACCGCCATG	TCGGGAGGTGGTGTGATTCGTGGCCCCGCAGGGAACAACGATTGCCGCATCTACGTGGGTAACTTACCTCCAGACATCCGAACCAAGGACATTGAGGACG
ENST00000258962	17	N	GTCACCGCCATGTCGGGAGG	TGG	+	1/4	8	58007130	CGGGAGACGTGGTGCCGCTGCGGGCTCGCTCTGCCGTGCGCTAGGCTTGGTGGGAAGGCCTGTTCTCGAGTCCGCGCTTTTCGTCACCGCCATGTCGGGA	GGTGGTGTGATTCGTGGCCCCGCAGGGAACAACGATTGCCGCATCTACGTGGGTAACTTACCTCCAGACATCCGAACCAAGGACATTGAGGACGTGTTCT
ENST00000360426	20	N	GGGTCAACAGGCTTATACAT	TGG	-	1/11	24	49154010	CCAGAAAAAAACAGTTCTTTGTCGATTCTTTCTTGCAGAAAGCATAACCCCTACTGTAGAACTAAATGCACTGTGCATGAAACTTGGAAAAAAACCAATG	TATAAGCCTGTTGACCCTTACTCTCGGATGCAGTCCACCTATAACTACAACATGAGAGGAGGTGCTTATCCCCCGAGGTATGTGTTTTTTTTTTTTTTTT
ENST00000360426	20	N	ATCCGAGAGTAAGGGTCAAC	AGG	-	1/11	36	49153998	AGTTCTTTGTCGATTCTTTCTTGCAGAAAGCATAACCCCTACTGTAGAACTAAATGCACTGTGCATGAAACTTGGAAAAAAACCAATGTATAAGCCTGTT	GACCCTTACTCTCGGATGCAGTCCACCTATAACTACAACATGAGAGGAGGTGCTTATCCCCCGAGGTATGTGTTTTTTTTTTTTTTTTTTTGTAAAATAC
ENST00000360998	9	N	TTCAACAATCTATCCATCTC	CGG	+	1/16	28	123179161	GTTGAAGTAATTGTTTTCGTTCTCCTTCTAACAGAGATCTATTCGATCTTTTGCTAATGATGATCGCCATGTTATGGTGAAACATTCAACAATCTATCCA	TCTCCGGAGGAACTTGAAGCTGTTCAGAATATGGTATCTACTGTTGAATGTGCTCTTAAACATGTCTCAGATTGGTTGGATGAAACAAATAAAGGCACAA
ENST00000360998	9	N	GCTTCAAGTTCCTCCGGAGA	TGG	-	1/16	30	123179159	GAAGTAATTGTTTTCGTTCTCCTTCTAACAGAGATCTATTCGATCTTTTGCTAATGATGATCGCCATGTTATGGTGAAACATTCAACAATCTATCCATCT	CCGGAGGAACTTGAAGCTGTTCAGAATATGGTATCTACTGTTGAATGTGCTCTTAAACATGTCTCAGATTGGTTGGATGAAACAAATAAAGGCACAAAAA
ENST00000266987	12	N	GGAGGAGGGAATGAGTGAAG	AGG	+	1/9	7	53501416	ACTCCGGGCTTGGCCCCGGCCCTAGCTCGTCGGCTGTGTATTGGGGCGCGTGGAGGCTGCAGTCACGGTGGCGCCCGCGGGGACGGAGGAGGGAATGAGT	GAAGAGGAGCAAGGCTCCGGCACTACCACGGGCTGCGGGCTGCCTAGGTGAGCCGTCTCGTACCGATTCCTTCAGGGCGAAAAGCGTGGGGCCGTGCGGA
ENST00000266987	12	N	GGAATGAGTGAAGAGGAGCA	AGG	+	1/9	14	53501423	TTGGCCCCGGCCCTAGCTCGTCGGCTGTGTATTGGGGCGCGTGGAGGCTGCAGTCACGGTGGCGCCCGCGGGGACGGAGGAGGGAATGAGTGAAGAGGAG	CAAGGCTCCGGCACTACCACGGGCTGCGGGCTGCCTAGGTGAGCCGTCTCGTACCGATTCCTTCAGGGCGAAAAGCGTGGGGCCGTGCGGAGGGAGTAGC
ENST00000476907	11	C	TTGAGATGTCGAATTGCTTG	AGG	-	9/9	1130	62575115	TGTCTCCCCGGCTGACCGAATGCTCACTGTGACCCCGCTCCAGGATCCCCAAGGCCTGTTCCCTGATCTCCATCATTTCTTACAGGTTTTCCTCCCTCAA	GCAATTCGACATCTCAAGTGAAGACATGGCCCCTGAAGGGCAATAAAGCTGCTAGTTTATTAA
ENST00000476907	11	C	TGAGATGTCGAATTGCTTGA	GGG	-	9/9	1129	62575116	TGTCTCCCCGGCTGACCGAATGCTCACTGTGACCCCGCTCCAGGATCCCCAAGGCCTGTTCCCTGATCTCCATCATTTCTTACAGGTTTTCCTCCCTCAA	GCAATTCGACATCTCAAGTGAAGACATGGCCCCTGAAGGGCAATAAAGCTGCTAGTTTATTAA
ENST00000597629	19	C	AACAGAGATGCGATTGAAGA	TGG	-	2/2	931	39408674	CAGCAGCGGCAGCAGCCTGGGGGGCTCTGACTCTCCCGTCTTCGAGGCGGGAGTTTTTGCACCACCCCAGCCCGTGGCAGCCCCCCGGCGACTCCCCATC	TTCAATCGCATCTCTGTTTCTGAGTGACAAAGTGACTGCCCGGTCAGATCAGCTGGATCTCAGCGGGGAGCCACGTCTCTTGCACTGTGGTCTCTGCATG
ENST00000597629	19	C	ACAGAGATGCGATTGAAGAT	GGG	-	2/2	930	39408673	CAGCAGCGGCAGCAGCCTGGGGGGCTCTGACTCTCCCGTCTTCGAGGCGGGAGTTTTTGCACCACCCCAGCCCGTGGCAGCCCCCCGGCGACTCCCCATC	TTCAATCGCATCTCTGTTTCTGAGTGACAAAGTGACTGCCCGGTCAGATCAGCTGGATCTCAGCGGGGAGCCACGTCTCTTGCACTGTGGTCTCTGCATG
ENST00000372435	X	N	CCGCTGAAGATTTTGATATT	CGG	-	1/7	9	107628638	AGCGCTTGGTATTGAGTCTGTGGCCGACTTCGGTTCCGGTCTCTGCAGCAGCCGTGATCGCTTAGTGGAGTGCTTAGGGTAGTTGGCCAGGATGCCGAAT	ATCAAAATCTTCAGCGGCAGCTCCCACCAGGACTTATCTCAGAAAATTGCTGACCGCCTGGGCCTGGAGCTAGGCAAGGTGGTGACTAAGAAATTCAGCA
ENST00000372435	X	N	CCGAATATCAAAATCTTCAG	CGG	+	1/7	20	107628649	TGAGTCTGTGGCCGACTTCGGTTCCGGTCTCTGCAGCAGCCGTGATCGCTTAGTGGAGTGCTTAGGGTAGTTGGCCAGGATGCCGAATATCAAAATCTTC	AGCGGCAGCTCCCACCAGGACTTATCTCAGAAAATTGCTGACCGCCTGGGCCTGGAGCTAGGCAAGGTGGTGACTAAGAAATTCAGCAACCAGGAGACCT
ENST00000333467	22	C	TCCAGAATCAGGGAAACTGA	AGG	+	8/8	12	38992443	CGTCATTGTCACTGTCCCCAGGCCACCTCCCTGTGCCCTCTTTCCACTCTCTCACCTCCTGCTCCATTCAACCCCCCTGCTCTTCCAGAATCAGGGAAAC	TGAAGGATGGGCCTCAGTCTCTAAGGAAGGCAGAGACCTGGGTTGAGCAGCAGAATAAAAGATCTTCTTCCAAGAAATGCAAACAGACCGTTCACCACCA
ENST00000333467	22	C	TCCTTCAGTTTCCCTGATTC	TGG	-	8/8	2	38992433	CTCCTCTCCCGTCATTGTCACTGTCCCCAGGCCACCTCCCTGTGCCCTCTTTCCACTCTCTCACCTCCTGCTCCATTCAACCCCCCTGCTCTTCCAGAAT	CAGGGAAACTGAAGGATGGGCCTCAGTCTCTAAGGAAGGCAGAGACCTGGGTTGAGCAGCAGAATAAAAGATCTTCTTCCAAGAAATGCAAACAGACCGT
ENST00000623063	22	C	ACCATATGAAAGCGTGATGA	AGG	+	13/13	58	40366494	TCTTAACATTTTCTTTTGTCTTGTATTTGCTTTCCTCTGGCAGGTGCAGAGATTCTTAGAAGAGGAGGTGTATCCCCTGTTAAAACCATATGAAAGCGTG	ATGAAGGTGAAAGCAGAATTATGTCTGTAGAGTTGGAAGAGAATTAAACGAAAATCATTGTTAATTGCTGAGGCATGAAAATTGTGTTACTATAATGCCT
ENST00000623063	22	C	ACCTTCATCACGCTTTCATA	TGG	-	13/13	48	40366484	CTGCTAATATCTTAACATTTTCTTTTGTCTTGTATTTGCTTTCCTCTGGCAGGTGCAGAGATTCTTAGAAGAGGAGGTGTATCCCCTGTTAAAACCATAT	GAAAGCGTGATGAAGGTGAAAGCAGAATTATGTCTGTAGAGTTGGAAGAGAATTAAACGAAAATCATTGTTAATTGCTGAGGCATGAAAATTGTGTTACT
ENST00000236959	2	N	ACCGAGCTGGCCGGGAGCCA	TGG	-	1/16	4	215312147	GCCACATCCCGGCAGCCCTCCTACCTGCGCACGTGGTGCCGCCGCTGCTGCCTCCCGCTCGCCCTGAACCCAGTGCCTGCAGCCATG	GCTCCCGGCCAGCTCGGTGAGGCCCTAGCGGAGCGGCGCGGTCTGCGTCCTCGCCTGCGGCCCCCCACGCTCCCGCCTTGGCGGCGGCCGGCGGGACCCG
ENST00000236959	2	N	AGGGCCTCACCGAGCTGGCC	GGG	-	1/16	12	215312155	GCCACATCCCGGCAGCCCTCCTACCTGCGCACGTGGTGCCGCCGCTGCTGCCTCCCGCTCGCCCTGAACCCAGTGCCTGCAGCCATGGCTCCCGGC	CAGCTCGGTGAGGCCCTAGCGGAGCGGCGCGGTCTGCGTCCTCGCCTGCGGCCCCCCACGCTCCCGCCTTGGCGGCGGCCGGCGGGACCCGGCACTGCAG
ENST00000366535	1	C	GAGTTGAATCATAGATTCTC	TGG	-	13/13	30	244409609	CTGTTTTAATCCCAACGAGTGAACATTAGAGATGAATTGATTCAATTCCTTTTCTCTTTGTATTCTCCTAGTTAAGTGGATTGGTGTTGGTAAATCCAGA	GAATCTATGATTCAACTCTTTTAATGATTGCCAGTAATGCAAGAAACACTCCTTGAGAGGGAGGGGAAAAGACTTTCTTAAATATTTCATTTATGACCTG
ENST00000366535	1	C	CTAGTTAAGTGGATTGGTGT	TGG	+	13/13	13	244409626	AAAGTAGGGGACTACCTGTTTTAATCCCAACGAGTGAACATTAGAGATGAATTGATTCAATTCCTTTTCTCTTTGTATTCTCCTAGTTAAGTGGATTGGT	GTTGGTAAATCCAGAGAATCTATGATTCAACTCTTTTAATGATTGCCAGTAATGCAAGAAACACTCCTTGAGAGGGAGGGGAAAAGACTTTCTTAAATAT
ENST00000298556	X	N	CACCACGACGCCAGGGCTGC	GGG	-	1/9	13	134460325	GCCTCTTGCTGCGCCTCCGCCTCCTCCTCTGCTCCGCCACCGGCTTCCTCCTCCTGAGCAGTCAGCCCGCGCGCCGGCCGGCTCCGTTATGGCGACCCGC	AGCCCTGGCGTCGTGGTGAGCAGCTCGGCCTGCCGGCCCTGGCCGGTTCAGGCCCACGCGGCAGGTGGCGGCCGGGCCCTGAGGCGCGGGATCCGCAGTG
ENST00000298556	X	N	GTTATGGCGACCCGCAGCCC	TGG	+	1/9	14	134460326	TCTTGCTGCGCCTCCGCCTCCTCCTCTGCTCCGCCACCGGCTTCCTCCTCCTGAGCAGTCAGCCCGCGCGCCGGCCGGCTCCGTTATGGCGACCCGCAGC	CCTGGCGTCGTGGTGAGCAGCTCGGCCTGCCGGCCCTGGCCGGTTCAGGCCCACGCGGCAGGTGGCGGCCGGGCCCTGAGGCGCGGGATCCGCAGTGCGG
ENST00000361505	14	C	GCAGGTCAACTGGCTTTGTC	AGG	-	6/6	206	20476590	GAAGGCCAACCATGAAGAAGTCTTAGCAGCTGGCAAACAAGCTGCACAGAAATTGGAACAGTTTGTCTCCATTCTTATGGCCAGCATTCCACTCCCTGAC	AAAGCCAGTTGACCTGCCTTGGAGTCGTCTGGCATCTCCCACACAAGACCCAAGTAGCTGCTACCTTCTTTGGCCCCTTGCTGGAGTCATGTGCCTCTGT
ENST00000361505	14	C	CAGGTCAACTGGCTTTGTCA	GGG	-	6/6	205	20476589	GAAGGCCAACCATGAAGAAGTCTTAGCAGCTGGCAAACAAGCTGCACAGAAATTGGAACAGTTTGTCTCCATTCTTATGGCCAGCATTCCACTCCCTGAC	AAAGCCAGTTGACCTGCCTTGGAGTCGTCTGGCATCTCCCACACAAGACCCAAGTAGCTGCTACCTTCTTTGGCCCCTTGCTGGAGTCATGTGCCTCTGT
ENST00000496200	7	C	TACGAAAAGCGGCTGTACTG	AGG	+	13/13	18	128393011	GGGGGCCCTGGGGAAAGGGTTTTGGGAAGGAGCAGGGTCCACACACCCACTCTTGTTCCCCCTCTTGCCTTGTCCCCACAGTTACGAAAAGCGGCTGTAC	TGAGGACAGCGGTGGAGGCCGAGGTGGTGGAGGGGATGCACCCCAGTGTCCACTTTTGGGCACAGCCTCCCTCCATAACTGAGTGGTCCACAGATTTGCA
ENST00000496200	7	C	GTCCCCACAGTTACGAAAAG	CGG	+	13/13	7	128393022	TCTCCTACATCTGGGGGCCCTGGGGAAAGGGTTTTGGGAAGGAGCAGGGTCCACACACCCACTCTTGTTCCCCCTCTTGCCTTGTCCCCACAGTTACGAA	AAGCGGCTGTACTGAGGACAGCGGTGGAGGCCGAGGTGGTGGAGGGGATGCACCCCAGTGTCCACTTTTGGGCACAGCCTCCCTCCATAACTGAGTGGTC
ENST00000378364	16	N	CTGCAGCTCGGAGTCGGCCA	TGG	-	1/5	4	88811896	GGCTGCCGCTGGCTCTTCGCACGCGGCCATG	GCCGACTCCGAGCTGCAGCTGGTTGAGCAGCGGATCCGCAGCTTCCCCGACTTCCCCACCCCAGGCGTGGTATTCAGGTGCACGCACAGGCCGCCCTCGT
ENST00000378364	16	N	AACCAGCTGCAGCTCGGAGT	CGG	-	1/5	10	88811890	GGCTGCCGCTGGCTCTTCGCACGCGGCCATGGCCGAC	TCCGAGCTGCAGCTGGTTGAGCAGCGGATCCGCAGCTTCCCCGACTTCCCCACCCCAGGCGTGGTATTCAGGTGCACGCACAGGCCGCCCTCGTGGCGCC
ENST00000368471	1	N	TTTAGACATGGCCGAGATCA	AGG	+	1/14	10	154601747	TAGCCAAGGATCCCCAAACTCAGACCCAGGTTTGGAACCTGAAGACAGCAACTCCACATCTGCCTTGGAAGATCCTCTTGAGTTTTTAGACATGGCCGAG	ATCAAGGAGAAAATCTGCGACTATCTCTTCAATGTGTCTGACTCCTCTGCCCTGAATTTGGCTAAAAATATTGGCCTTACCAAGGCCCGAGATATAAATG
ENST00000368471	1	N	GCAGATTTTCTCCTTGATCT	CGG	-	1/14	10	154601747	TAGCCAAGGATCCCCAAACTCAGACCCAGGTTTGGAACCTGAAGACAGCAACTCCACATCTGCCTTGGAAGATCCTCTTGAGTTTTTAGACATGGCCGAG	ATCAAGGAGAAAATCTGCGACTATCTCTTCAATGTGTCTGACTCCTCTGCCCTGAATTTGGCTAAAAATATTGGCCTTACCAAGGCCCGAGATATAAATG
ENST00000314666	17	C	CCTGGAAGGGAGCTGCTGAC	TGG	+	27/27	309	8269263	GCAGTGGGCATGGCGACCCCCTCCATTTGATACTCTGACCACCTCCCCCTGGCTCCAGCTCTTTATCAATGCCCGAAACTGGACCCTGGAAGGGAGCTGC	TGACTGGCCACAGGGGCTCACCTGGGCCCCATGGCTTTTCACCTAAGTGGGTCCTGCCCCCTCCCCCATGACCTTCAGGAGCACCCCATATTATTTCCAA
ENST00000314666	17	C	CCAGTCAGCAGCTCCCTTCC	AGG	-	27/27	298	8269252	TAGGCCTTGGCAGTGGGCATGGCGACCCCCTCCATTTGATACTCTGACCACCTCCCCCTGGCTCCAGCTCTTTATCAATGCCCGAAACTGGACCCTGGAA	GGGAGCTGCTGACTGGCCACAGGGGCTCACCTGGGCCCCATGGCTTTTCACCTAAGTGGGTCCTGCCCCCTCCCCCATGACCTTCAGGAGCACCCCATAT
ENST00000264221	4	C	CACATGGATTTCCTTGAAGC	AGG	+	9/9	129	56459501	AGAAGGATCAGCTCAATTTGCTGCTCAGATATTTGGGTTAAGCAACCATTTGGTATGGAGCAAACTGCGAGCAAGCATTTTGAACACATGGATTTCCTTG	AAGCAGGCTGACAAGAAAATCAGAGAATGTAATTTATAAGAAAGAATGCCATTGAATTTTTTAGGGGAAAAACTACAAATTTCTAATTTAGCTGAAGGAA
ENST00000264221	4	C	TTTCTTGTCAGCCTGCTTCA	AGG	-	9/9	129	56459501	AGAAGGATCAGCTCAATTTGCTGCTCAGATATTTGGGTTAAGCAACCATTTGGTATGGAGCAAACTGCGAGCAAGCATTTTGAACACATGGATTTCCTTG	AAGCAGGCTGACAAGAAAATCAGAGAATGTAATTTATAAGAAAGAATGCCATTGAATTTTTTAGGGGAAAAACTACAAATTTCTAATTTAGCTGAAGGAA
ENST00000264220	4	C	TGTAGAATTAGAATGGTAGC	TGG	+	11/11	195	56395354	TATTATGATCCAAGAAAATGGAAATGGTCTGGAATGTTTTGAAAAGAGTGGTCATTGTACAGCTTGTCTCACTGGAAAATATCCTGTAGAATTAGAATGG	TAGCTGGTAGGGTTGGATGTGTGTAGTTTCAAGATAGAAAGTTGGTCAAGAAGTTATAGTGGTCACACCTCATCTATTTACTGTTACTCAGTTGGTACAA
ENST00000264220	4	C	AATATCCTGTAGAATTAGAA	TGG	+	11/11	188	56395361	GCACGATATTATGATCCAAGAAAATGGAAATGGTCTGGAATGTTTTGAAAAGAGTGGTCATTGTACAGCTTGTCTCACTGGAAAATATCCTGTAGAATTA	GAATGGTAGCTGGTAGGGTTGGATGTGTGTAGTTTCAAGATAGAAAGTTGGTCAAGAAGTTATAGTGGTCACACCTCATCTATTTACTGTTACTCAGTTG
ENST00000381815	21	C	CAAGATCTGTTGGGTTAAAG	AGG	+	21/21	181	33504135	AAGAGTAAAATTAGCAGAACATAAAATATTTCCTGCAGCCCTTCAGCTGGTGGCCAGTGGAACTGTACAGCTTGGAGAAAATGGCAAGATCTGTTGGGTT	AAAGAGGAATGAAGCCTTTTAATTCAGAAATGGGGCCAGTTTAGAAAGAATTATTTGCTGTTTGCATGGTGGTTTTTTATCATGGACTTGGCCCAAAAGA
ENST00000381815	21	C	AGAAAATGGCAAGATCTGTT	GGG	+	21/21	172	33504144	TCTTTCTGAAAGAGTAAAATTAGCAGAACATAAAATATTTCCTGCAGCCCTTCAGCTGGTGGCCAGTGGAACTGTACAGCTTGGAGAAAATGGCAAGATC	TGTTGGGTTAAAGAGGAATGAAGCCTTTTAATTCAGAAATGGGGCCAGTTTAGAAAGAATTATTTGCTGTTTGCATGGTGGTTTTTTATCATGGACTTGG
ENST00000326739	3	C	CTGCCTGCAGGTATGAGAAG	CGG	+	14/14	7	49024398	TTCGTAAGTCACCCTGTCCTTGGTGGGGCCTCTGCCATACCTCATGCCTCCTTTCTCCTGCCCTCACCTCACAGGTGGTCCTTCTGCCTGCAGGTATGAG	AAGCGGCTTTTCTGAAAAGGGATCCAGCACACCTCCTCGGTTTTTTTTTCAATAAAAGTTTAGAAAGAAAAAA
ENST00000371873	1	C	GTGCAGATTTTTGACAAGGA	AGG	+	6/6	32	47376736	GAACTTAGCTGTATGGTATTTTAACAGTACCTGCTTTTAAAATTATTATCATCTTTTTCCTTTACAGGTTTTTGATGAAGTTGTGCAGATTTTTGACAAG	GAAGGCTAATTCTAAACCTGAAGGCATCCTTGAAATCATGCTTGAATATTGCTTTGATAGCTGCTATCATGACCCCTTTTTAAGGCAATTCTAATCTTTC
ENST00000371873	1	C	AGTTGTGCAGATTTTTGACA	AGG	+	6/6	28	47376732	TAATAAGAACTTAGCTGTATGGTATTTTAACAGTACCTGCTTTTAAAATTATTATCATCTTTTTCCTTTACAGGTTTTTGATGAAGTTGTGCAGATTTTT	GACAAGGAAGGCTAATTCTAAACCTGAAGGCATCCTTGAAATCATGCTTGAATATTGCTTTGATAGCTGCTATCATGACCCCTTTTTAAGGCAATTCTAA
ENST00000371953	10	N	GCTAACGATCTCTTTGATGA	TGG	-	1/9	13	87864483	AGCCATTTCCATCCTGCAGAAGAAGCCCCGCCACCAGCAGCTTCTGCCATCTCTCTCCTCCTTTTTCTTCAGCCACAGGCTCCCAGACATGACAGCCATC	ATCAAAGAGATCGTTAGCAGAAACAAAAGGAGATATCAAGAGGATGGATTCGACTTAGACTTGACCTGTATCCATTTCTGCGGCTGCTCCTCTTTACCTT
ENST00000371953	10	N	AGATCGTTAGCAGAAACAAA	AGG	+	1/9	36	87864506	GCCCCGCCACCAGCAGCTTCTGCCATCTCTCTCCTCCTTTTTCTTCAGCCACAGGCTCCCAGACATGACAGCCATCATCAAAGAGATCGTTAGCAGAAAC	AAAAGGAGATATCAAGAGGATGGATTCGACTTAGACTTGACCTGTATCCATTTCTGCGGCTGCTCCTCTTTACCTTTCTGTCACTCTCTTAGAACGTGGG
ENST00000263036	10	C	CACGTTACAGATTCACGTGA	TGG	+	13/13	102	13136847	AGCTGAGGACAGGGACTGGCGGCAACAGCGGAATATTCCGATTCATTCCTGCCCCAAGTGTGGAGAGGTTCTGCCTGACATAGACACGTTACAGATTCAC	GTGATGGATTGCATCATTTAAGTGTTGATGTATCACCTCCCCAAAACTGTTGGTAAATGTCAGATTTTTTCCTCCAA
ENST00000263036	10	C	ATCTGTAACGTGTCTATGTC	AGG	-	13/13	80	13136825	ATTATCATACTTATTCCCAGGAGCTGAGGACAGGGACTGGCGGCAACAGCGGAATATTCCGATTCATTCCTGCCCCAAGTGTGGAGAGGTTCTGCCTGAC	ATAGACACGTTACAGATTCACGTGATGGATTGCATCATTTAAGTGTTGATGTATCACCTCCCCAAAACTGTTGGTAAATGTCAGATTTTTTCCTCCAA
ENST00000553300	14	N	TGTCTTGTTGGTAACGTTGC	TGG	-	1/7	10	21234184	CAAGGAATATTGTTTTTAGCATCTGTTCACCTGTATACTTTTTTTTGCTTTACAGTTTTCGGCTTTGTGAGAAACCTTACCATCAAACACGATGGCCAGC	AACGTTACCAACAAGACAGATCCTCGCTCCATGAACTCCCGTGTATTCATTGGGAATCTCAACACTCTTGTGGTCAAGAAATCTGATGTGGAGGCAATCT
ENST00000553300	14	N	GGAGCGAGGATCTGTCTTGT	TGG	-	1/7	22	21234172	TTTTTAGCATCTGTTCACCTGTATACTTTTTTTTGCTTTACAGTTTTCGGCTTTGTGAGAAACCTTACCATCAAACACGATGGCCAGCAACGTTACCAAC	AAGACAGATCCTCGCTCCATGAACTCCCGTGTATTCATTGGGAATCTCAACACTCTTGTGGTCAAGAAATCTGATGTGGAGGCAATCTTTTCGAAGTATG
ENST00000324210	3	C	ACATCTGGGTAACATACTTG	TGG	-	8/8	38	152459309	CATCTCTTAATTGTTGGCTTGCTTGCATGGATCATTCATTAAATAATTTTTTATTTGCTAGATACCCATAATATCTGCCGAACATCTGACTAGCCACAAG	TATGTTACCCAGATGTAGAATTTTCATCACTAAACAGTAAGTTCATTATGTAATATATAGTTGCATATTTGTGGTGGTTTTTTTTAAGATAGCAATTGTA
ENST00000324210	3	C	CTTGTGGCTAGTCAGATGTT	CGG	-	8/8	22	152459293	TTAATATTAAAATGTTTTCATCTCTTAATTGTTGGCTTGCTTGCATGGATCATTCATTAAATAATTTTTTATTTGCTAGATACCCATAATATCTGCCGAA	CATCTGACTAGCCACAAGTATGTTACCCAGATGTAGAATTTTCATCACTAAACAGTAAGTTCATTATGTAATATATAGTTGCATATTTGTGGTGGTTTTT
ENST00000321358	1	C	TCCCGAGGCTGAGCAGGGCG	GGG	+	7/7	221	42701002	CCGACGCAGACGCCCAGAAAACCCTAAACCACAAGATGGCAAAGAGACAAAAGCAGCCGATCCACCAGCTGAGAATTCGTCCGCTCCCGAGGCTGAGCAG	GGCGGGGCTGAGTAAATGCCGGCTTACCATCTCTACCATCATCCGGGTAAGCAAGCTTGGATGGCCATCCATTTATGGCAGTCGTGAGTGGTGACCATTT
ENST00000321358	1	C	CTCCCGAGGCTGAGCAGGGC	GGG	+	7/7	220	42701001	CCGACGCAGACGCCCAGAAAACCCTAAACCACAAGATGGCAAAGAGACAAAAGCAGCCGATCCACCAGCTGAGAATTCGTCCGCTCCCGAGGCTGAGCAG	GGCGGGGCTGAGTAAATGCCGGCTTACCATCTCTACCATCATCCGGGTAAGCAAGCTTGGATGGCCATCCATTTATGGCAGTCGTGAGTGGTGACCATTT
ENST00000356674	7	N	TGAGTCCGCGATGGAGGTAA	CGG	+	1/11	7	26200571	CAGCGCCAGGACGAGTCCGGTTCGTGTTCGTCCGCGGAGATCTCTCTCATCTCGCTCGGCTGCGGGAAATCGGGCTGAAGCGACTGAGTCCGCGATGGAG	GTAACGGGTTTGAAATCAATGAGTTATTGAAAAGGGCATGGCGAGGCCGTTGGCGCCTCAGTGGAAGTCGGCCAGCCGCCTCCGTGGGAGAGAGGCAGGA
ENST00000356674	7	N	GAGTCCGCGATGGAGGTAAC	GGG	+	1/11	8	26200570	CGCCAGGACGAGTCCGGTTCGTGTTCGTCCGCGGAGATCTCTCTCATCTCGCTCGGCTGCGGGAAATCGGGCTGAAGCGACTGAGTCCGCGATGGAGGTA	ACGGGTTTGAAATCAATGAGTTATTGAAAAGGGCATGGCGAGGCCGTTGGCGCCTCAGTGGAAGTCGGCCAGCCGCCTCCGTGGGAGAGAGGCAGGAAAT
ENST00000295095	2	N	TACAAATTCTGATACTTCCG	TGG	+	1/13	28	143155519	AGAGTTTTCATGGAAAATTGTATGTTTAGAATAACATAATACATTTTATATTTTATCAGGATAGCACTATAATATGCAGAAATCTACAAATTCTGATACT	TCCGTGGAAACACTGAATTCTACCCGCCAAGGCACAGGAGCTGTGCAAATGAGAATCAAAAATGCCAACAGCCACCATGACAGGCTCAGCCAAAGTAAAT
ENST00000295095	2	N	GGTAGAATTCAGTGTTTCCA	CGG	-	1/13	34	143155525	TTCATGGAAAATTGTATGTTTAGAATAACATAATACATTTTATATTTTATCAGGATAGCACTATAATATGCAGAAATCTACAAATTCTGATACTTCCGTG	GAAACACTGAATTCTACCCGCCAAGGCACAGGAGCTGTGCAAATGAGAATCAAAAATGCCAACAGCCACCATGACAGGCTCAGCCAAAGTAAATCCATGA
ENST00000304032	2	N	CAGCTGCTGCTGGTAGTTCA	TGG	-	1/18	4	235494691	CGGGGGCTGCGGCGCCCCGGGCTCGGCGGCCCGCGGGCCCCGGGGCGCGGGGCGGCGGCGGCGGGGGGCGCGCGGCTCCGGGCGCGGCGCCTGCACCATG	AACTACCAGCAGCAGCTGGCCAACTCGGCTGCCATCCGGGCCGAGATCCAGCGCTTCGAGTCGGTCCACCCCAACATCTACTCCATCTACGAGCTGCTGG
ENST00000304032	2	N	CCGAGTTGGCCAGCTGCTGC	TGG	-	1/18	14	235494701	CGCCCCGGGCTCGGCGGCCCGCGGGCCCCGGGGCGCGGGGCGGCGGCGGCGGGGGGCGCGCGGCTCCGGGCGCGGCGCCTGCACCATGAACTACCAGCAG	CAGCTGGCCAACTCGGCTGCCATCCGGGCCGAGATCCAGCGCTTCGAGTCGGTCCACCCCAACATCTACTCCATCTACGAGCTGCTGGAGCGCGTGGAGG
ENST00000473312	7	N	GGCTCTGCCCCCCGCCCGCC	TGG	-	1/9	4	151086746	ATG	AACTTCCAGGCGGGCGGGGGGCAGAGCCCGCAGCAGCAGCAGAGCCTGGCGGCTCCGGGGGGCGGCGGCGCTGCCGCGCAGCAGCTCGTCTGCGGCGGGC
ENST00000473312	7	N	ATGAACTTCCAGGCGGGCGG	GGG	+	1/9	7	151086749	ATGAAC	TTCCAGGCGGGCGGGGGGCAGAGCCCGCAGCAGCAGCAGAGCCTGGCGGCTCCGGGGGGCGGCGGCGCTGCCGCGCAGCAGCTCGTCTGCGGCGGGCAGT
ENST00000366769	1	C	GAGCACTGACCGCGGGAGCT	GGG	+	36/36	118	226994282	GCATTCCACAGCTTCCAACAGTTCCAACCTAAGCAGCCCCCCAAGCCCAGCTTCACCCCGAAAAACCAAGAGCCTCTCCCTGGAGAGCACTGACCGCGGG	AGCTGGGACCCGTGAGCTGCCTCAGCACTGGGACCTCTCGCTCTCCGCTCCCTGCCACTCGCCTCCTCTCACTTTCATCTCTTCCCTCCACCTCGCCTGC
ENST00000366769	1	C	AGAGCACTGACCGCGGGAGC	TGG	+	36/36	117	226994283	GCATTCCACAGCTTCCAACAGTTCCAACCTAAGCAGCCCCCCAAGCCCAGCTTCACCCCGAAAAACCAAGAGCCTCTCCCTGGAGAGCACTGACCGCGGG	AGCTGGGACCCGTGAGCTGCCTCAGCACTGGGACCTCTCGCTCTCCGCTCCCTGCCACTCGCCTCCTCTCACTTTCATCTCTTCCCTCCACCTCGCCTGC
ENST00000424889	16	N	CTTCAGGATGACGCTGGACG	TGG	+	1/10	10	30748831	CCGGGAGCCGCCATGCGGGTCGTCTCAGAGCCTGTGGGCCTCCCTGCCCTCACTGCCCTCCTCCTCCGCGCAGGCCCCCGCCTCCTTCAGGATGACGCTG	GACGTGGGGCCGGAGGATGAGCTGCCCGACTGGGCCGCCGCCAAAGAGTTTTACCAGAAGTACGACCCTAAGGACGTCATCGGCAGGTAAGGCCGCGGCC
ENST00000424889	16	N	TTCAGGATGACGCTGGACGT	GGG	+	1/10	11	30748832	GGAGCCGCCATGCGGGTCGTCTCAGAGCCTGTGGGCCTCCCTGCCCTCACTGCCCTCCTCCTCCGCGCAGGCCCCCGCCTCCTTCAGGATGACGCTGGAC	GTGGGGCCGGAGGATGAGCTGCCCGACTGGGCCGCCGCCAAAGAGTTTTACCAGAAGTACGACCCTAAGGACGTCATCGGCAGGTAAGGCCGCGGCCAGG
ENST00000312175	11	C	GCTTCGGATGCCTTCGAGAG	TGG	+	2/2	123	66003749	TCTGGTGCTAAAGAAAGATGAAGACCTCTTCCGGGAATGGCTGAAAGACACTTGTGGCGCCAACGCCAAGCAGTCCCGGGACTGCTTCGGATGCCTTCGA	GAGTGGTGCGACGCCTTCTTGTGATGCTCTCTGGGAAGCTCTCAATCCCCAGCCCTCATCCAGAGTTTGCAGCCGAGTAGGGACTCCTCCCCTGTCCTCT
ENST00000312175	11	C	AGGCGTCGCACCACTCTCGA	AGG	-	2/2	122	66003748	TCTGGTGCTAAAGAAAGATGAAGACCTCTTCCGGGAATGGCTGAAAGACACTTGTGGCGCCAACGCCAAGCAGTCCCGGGACTGCTTCGGATGCCTTCGA	GAGTGGTGCGACGCCTTCTTGTGATGCTCTCTGGGAAGCTCTCAATCCCCAGCCCTCATCCAGAGTTTGCAGCCGAGTAGGGACTCCTCCCCTGTCCTCT
ENST00000329138	17	N	GGTGCCGCTGCCTCGCCCCA	TGG	-	1/22	4	81684071	GCGCCAGCTCGTAGCAGGGGAGCGCCCGCGGCGTCGGGTTTGGGCTGGAGGTCGCCATG	GGGCGAGGCAGCGGCACCTTCGAGCGTCTCCTAGGTAACGCGTCCCCACCCGACGGCTCGGCCTTGGTCAGCCCGCAGCCTCCGCCCGGCGCTGAGTCAG
ENST00000329138	17	N	GTCGCCATGGGGCGAGGCAG	CGG	+	1/22	11	81684078	GCGCCAGCTCGTAGCAGGGGAGCGCCCGCGGCGTCGGGTTTGGGCTGGAGGTCGCCATGGGGCGAGGC	AGCGGCACCTTCGAGCGTCTCCTAGGTAACGCGTCCCCACCCGACGGCTCGGCCTTGGTCAGCCCGCAGCCTCCGCCCGGCGCTGAGTCAGCGCGGCCCC
ENST00000397128	5	N	CCAGGAACTGAGTCTGCGCA	TGG	-	1/9	4	40798186	TGACTCGGCTCGGTGGCTGCCCTCCCGCGTCCCCACCCCCTCCCCGCCCGCCCCCGGCGCGGCCCTGCCCGCCCCCTCCGCCCCCTCCCGCAGCGCCATG	CGCAGACTCAGTTCCTGGAGAAAGATGGCGACAGCCGAGAAGCAGAAACACGACGGGCGGGTGAAGATCGGCCACTACATTCTGGGTGACACGCTGGGGG
ENST00000397128	5	N	CCATGCGCAGACTCAGTTCC	TGG	+	1/9	15	40798175	GTGGCTGCCCTCCCGCGTCCCCACCCCCTCCCCGCCCGCCCCCGGCGCGGCCCTGCCCGCCCCCTCCGCCCCCTCCCGCAGCGCCATGCGCAGACTCAGT	TCCTGGAGAAAGATGGCGACAGCCGAGAAGCAGAAACACGACGGGCGGGTGAAGATCGGCCACTACATTCTGGGTGACACGCTGGGGGTCGGCACCTTCG
ENST00000517671	5	C	TTCAAGATCTCTGGCAGTGG	AGG	+	11/11	21	171410548	ATGCAAAGAGACATTTAATTTATTGATGTCTATGAAGTGTTGTGGTTCCTTAACCACATTTCTTTTTTTTTTTTTCCAGGCTATTCAAGATCTCTGGCAG	TGGAGGAAGTCTCTTTAAGAAAATAGTTTAAACAATTTGTTAAAAAATTTTCCGTCTTATTTCATTTCTGTAACAGTTGATATCTGGCTGTCCTTTTTAT
ENST00000517671	5	C	CTATTCAAGATCTCTGGCAG	TGG	+	11/11	18	171410545	ACTATGCAAAGAGACATTTAATTTATTGATGTCTATGAAGTGTTGTGGTTCCTTAACCACATTTCTTTTTTTTTTTTTCCAGGCTATTCAAGATCTCTGG	CAGTGGAGGAAGTCTCTTTAAGAAAATAGTTTAAACAATTTGTTAAAAAATTTTCCGTCTTATTTCATTTCTGTAACAGTTGATATCTGGCTGTCCTTTT
ENST00000351193	3	N	ATACAGAACGATGGAGTATA	TGG	+	1/15	7	161222021	GAGGAGACTAGGTAAAGTGATTTAAATCCCAACATTCTCTTTTTTTTTTTTTTTTTTTTTTTTTTTTTTAAAAGAACTTAAGGCATACAGAACGATGGAG	TATATGGCAGAATCCACCGACCGCAGCCCTGGACACATGTGAGTGCGACACTTCTTCCTTCCCCCTTAAATGTGAAAATCTTCAGTGAGCCCGGGAAACT
ENST00000351193	3	N	GTGTCCAGGGCTGCGGTCGG	TGG	-	1/15	25	161222039	GATTTAAATCCCAACATTCTCTTTTTTTTTTTTTTTTTTTTTTTTTTTTTTAAAAGAACTTAAGGCATACAGAACGATGGAGTATATGGCAGAATCCACC	GACCGCAGCCCTGGACACATGTGAGTGCGACACTTCTTCCTTCCCCCTTAAATGTGAAAATCTTCAGTGAGCCCGGGAAACTCACTATGGAGAACGCTTG
ENST00000274054	4	C	TCATTTTGGACCTTACTATT	AGG	+	8/8	447	163128902	ATTACTTAACTTACCATACTCCCTACCCCCACCCCCTCCCCCTCCACCACTGCCTCCTCCACCCTCTTCTGGAGATAGTAATTCTCATTTTGGACCTTAC	TATTAGGTGACTATGCATTTCCAGAGAAATGTGGACTTTTCATATTATGTGGTAAGGATTTTTTTTTTTCAAGAGTGATTATGGAGCTAGATTTTTAAAA
ENST00000274054	4	C	GGAGATAGTAATTCTCATTT	TGG	+	8/8	433	163128916	GGCTGCTCATCCATTACTTAACTTACCATACTCCCTACCCCCACCCCCTCCCCCTCCACCACTGCCTCCTCCACCCTCTTCTGGAGATAGTAATTCTCAT	TTTGGACCTTACTATTAGGTGACTATGCATTTCCAGAGAAATGTGGACTTTTCATATTATGTGGTAAGGATTTTTTTTTTTCAAGAGTGATTATGGAGCT
ENST00000367142	1	C	AGATGAAGCCCCTTCTGGGG	AGG	+	7/7	189	205718291	AGAAGATGAGGAACCGGAAAGCCCGCCAGAAAAGAAAACATCTACAAGCCCCCCACCCGAGAAATCTGGGGATGAAGGGTCTGAAGATGAAGCCCCTTCT	GGGGAGGATTAAAAGTGATGATGGTCTGGGGAGAGATTTTATTAAAAAAAAAAAGAAAAAAAAAGAAAAAAGAGGGAGGAAAAAAAAGAACCTACTTAAG
ENST00000367142	1	C	CACTTTTAATCCTCCCCAGA	AGG	-	7/7	188	205718292	AGAAGATGAGGAACCGGAAAGCCCGCCAGAAAAGAAAACATCTACAAGCCCCCCACCCGAGAAATCTGGGGATGAAGGGTCTGAAGATGAAGCCCCTTCT	GGGGAGGATTAAAAGTGATGATGGTCTGGGGAGAGATTTTATTAAAAAAAAAAAGAAAAAAAAAGAAAAAAGAGGGAGGAAAAAAAAGAACCTACTTAAG
ENST00000354228	X	C	AAGACAAGATTAAAAAAAGC	TGG	-	10/10	2	119616741	TACCTCAATATTGCCCATTCCCCTCCCCCTGTCTTACTTTGAATGTCCTCTTTCTTTGGCTAATTTCATGTTTTCTTTCTCTTTCTCTCTCCTTTCCAGC	TTTTTTTAATCTTGTCTTCAGCAGCTGCAC
ENST00000379719	11	C	GAGATAACTCAATTCATCCC	TGG	-	25/25	89	9445186	TTGTTTTCTAGAATCCAAAATGATTGAGAAGCATGGAGGATACAAATTCAGTGCTCCAGTTGTGCCAAGTTCTTTCAATTTTGGAGGCCCAGCACCAGGG	ATGAATTGAGTTATCTCTTTCTTTCCTGCTGTGTGCTTGTAGTGAAGAGCTTGTGTTCCTCCTAGTAGTGGTTCCAGAACTGGTTCATGTTATCTATTCT
ENST00000379719	11	C	ATTTTGGAGGCCCAGCACCA	GGG	+	25/25	83	9445180	TTTTATTTGTTTTCTAGAATCCAAAATGATTGAGAAGCATGGAGGATACAAATTCAGTGCTCCAGTTGTGCCAAGTTCTTTCAATTTTGGAGGCCCAGCA	CCAGGGATGAATTGAGTTATCTCTTTCTTTCCTGCTGTGTGCTTGTAGTGAAGAGCTTGTGTTCCTCCTAGTAGTGGTTCCAGAACTGGTTCATGTTATC
ENST00000297540	5	C	AGTTGATCATTCTCATGATT	TGG	+	5/5	253	126624828	TGACACGAATGAGGCCTTGGCCTCTCTTGATGAGTCACAGGAAGGACATGCAGAAGCCAAGTTGGAGGCAGAGGAAGCCATTGAAGTTGATCATTCTCAT	GATTTGGACATCTTTTAAGTACATTTTCAACAGTTTGAGGACTAAGCCTTTCTAAAATAACATTGTAATAAACCATTTTTACTGAGATTGCAACGTTTTG
ENST00000297540	5	C	ATGAGAATGATCAACTTCAA	TGG	-	5/5	235	126624810	ACGAGAAACTTTTGCAAGTGACACGAATGAGGCCTTGGCCTCTCTTGATGAGTCACAGGAAGGACATGCAGAAGCCAAGTTGGAGGCAGAGGAAGCCATT	GAAGTTGATCATTCTCATGATTTGGACATCTTTTAAGTACATTTTCAACAGTTTGAGGACTAAGCCTTTCTAAAATAACATTGTAATAAACCATTTTTAC
ENST00000252512	8	N	CAAAATGGCGGATCATGTGC	AGG	+	1/28	13	21919784	CGGCGTCGGCGGCGGCGGCGGCAGCGGCTCCGGCCGAGGTGCGCGCTGGGGGGGAGGGGGGGCCGGAGAGGAGCATGAATGGAGCAAAATGGCGGATCAT	GTGCAGGTGAGAGGAGCCGCGGGGGGGAGGGGGCGACCACGAAGAGCGGCGAGTGGAGTCGGGGGTGCACACGGCCCACAGGGCGCCAGCCGGCTCGGGA
ENST00000252512	8	N	GCGGATCATGTGCAGGTGAG	AGG	+	1/28	20	21919791	CGGCGGCGGCGGCAGCGGCTCCGGCCGAGGTGCGCGCTGGGGGGGAGGGGGGGCCGGAGAGGAGCATGAATGGAGCAAAATGGCGGATCATGTGCAGGTG	AGAGGAGCCGCGGGGGGGAGGGGGCGACCACGAAGAGCGGCGAGTGGAGTCGGGGGTGCACACGGCCCACAGGGCGCCAGCCGGCTCGGGACTCGGCAGG
ENST00000420993	22	N	CCTCCCGGACATGGAGGACG	TGG	+	1/20	7	50508345	AGCAAAATGGCGCCAGAACTAGTGGCGGGCTGAGGACGCCGTACCCCTCGGAAGGCAGCCCTGCGGTCCCTTTGCCGCCCGTTCCCTCCCGGACATGGAG	GACGTGGAGGCGCGCTTCGCCCACCTCTTGCAGCCCATCCGCGACCTCACCAAGAACTGGGAGGTGGACGTGGCGGCCCAGCTGGGCGAGTATCTGGAGG
ENST00000420993	22	N	CCCGGACATGGAGGACGTGG	AGG	+	1/20	10	50508348	AAAATGGCGCCAGAACTAGTGGCGGGCTGAGGACGCCGTACCCCTCGGAAGGCAGCCCTGCGGTCCCTTTGCCGCCCGTTCCCTCCCGGACATGGAGGAC	GTGGAGGCGCGCTTCGCCCACCTCTTGCAGCCCATCCGCGACCTCACCAAGAACTGGGAGGTGGACGTGGCGGCCCAGCTGGGCGAGTATCTGGAGGAGG
ENST00000595090	19	C	TCCAACTCAGGAGGTGTCCA	TGG	-	15/15	15	49015832	GAGGGAGGAAGAGGGAGCTCGGCGTAGAAGGCTCAGGCCCTGCCACCTGGGCGACACTGACCATGTGGCCTTCCTTCTCCCCACAGAAGGCGAGACCATG	GACACCTCCTGAGTTGGATGTCATCCCCCGACCCCACCCTGTTTTCCACCAGAGTTCTGACACTGTGACTCTGTATAAAATGGTTGGGAAGCTGCACCCA
ENST00000595090	19	C	CCCCACAGAAGGCGAGACCA	TGG	+	15/15	9	49015826	ACCTCAGAGGGAGGAAGAGGGAGCTCGGCGTAGAAGGCTCAGGCCCTGCCACCTGGGCGACACTGACCATGTGGCCTTCCTTCTCCCCACAGAAGGCGAG	ACCATGGACACCTCCTGAGTTGGATGTCATCCCCCGACCCCACCCTGTTTTCCACCAGAGTTCTGACACTGTGACTCTGTATAAAATGGTTGGGAAGCTG
ENST00000396394	11	C	CTTATCACTTAATGTTCCAT	TGG	-	10/10	48	14505201	TATTGATCAAGTGTTCATTTTACATATTTTCTTTTTTTCTTTCCCTGTTAAGCCTGCTCAACCTGCTGATGAACCTGCAGAAAAGGCTGATGAACCAATG	GAACATTAAGTGATAAGCCAGTCTATATATGTATTATCAAATATGTAAGAATACAGGCACCACATACTGATGACAATAATCTATACTTTGAACCAAAAGT
ENST00000396394	11	C	AGAAAAGGCTGATGAACCAA	TGG	+	10/10	43	14505206	TGTGTATATTGATCAAGTGTTCATTTTACATATTTTCTTTTTTTCTTTCCCTGTTAAGCCTGCTCAACCTGCTGATGAACCTGCAGAAAAGGCTGATGAA	CCAATGGAACATTAAGTGATAAGCCAGTCTATATATGTATTATCAAATATGTAAGAATACAGGCACCACATACTGATGACAATAATCTATACTTTGAACC
ENST00000345990	5	N	GGAAAATAAAAAGAAAGACA	AGG	+	1/12	19	123545683	TGATGTACCTATTTTCACAATACCCTGTTTCAGTGTGCTTGTCTTGATTAAAGAATTCAAAGTGGAGTACCGCAAACTTGATATGGAAAATAAAAAGAAA	GACAAGGACAAATCAGATGATAGAATGGCACGACCTAGTGGTCGATCGGGACACAACACTCGAGGAACTGGGTCTTCATCGTCTGGAGTTTTAATGGTTG
ENST00000345990	5	N	GGACAAATCAGATGATAGAA	TGG	+	1/12	40	123545704	ACCCTGTTTCAGTGTGCTTGTCTTGATTAAAGAATTCAAAGTGGAGTACCGCAAACTTGATATGGAAAATAAAAAGAAAGACAAGGACAAATCAGATGAT	AGAATGGCACGACCTAGTGGTCGATCGGGACACAACACTCGAGGAACTGGGTCTTCATCGTCTGGAGTTTTAATGGTTGGACCTAACTTTAGAGTTGGAA
ENST00000299300	12	C	GTGGGAATGCTTAACAGGGG	TGG	-	16/16	24	69601319	TTGTATTTAGTATAATACTTTGGATAAAATCATGCTCTTCATTTTTCACTATTGACTTTTTTCTTACTCTCATAGGAAACGTGTCCCTGATCACCACCCC	TGTTAAGCATTCCCACGTGCTGTCGATCTTTGGACCAGTTTCTAGCAAAGTTGTGTTTGAAAGATACTCTATTAAAGAAGACTGTGGAATCTGTTTATCG
ENST00000299300	12	C	GCTTAACAGGGGTGGTGATC	AGG	-	16/16	16	69601311	TAGTTGTGTTTGTATTTAGTATAATACTTTGGATAAAATCATGCTCTTCATTTTTCACTATTGACTTTTTTCTTACTCTCATAGGAAACGTGTCCCTGAT	CACCACCCCTGTTAAGCATTCCCACGTGCTGTCGATCTTTGGACCAGTTTCTAGCAAAGTTGTGTTTGAAAGATACTCTATTAAAGAAGACTGTGGAATC
ENST00000374206	9	C	AATAATCGTTCATCTCAATT	TGG	+	2/2	155	113267285	AGCCATTGGGCTTAGCAGTGATCCCAAGAGCCGGGAACAAATGATCAATGATCGGATTGGTTATAAACCCCAACCCAAGCCCAATAATCGTTCATCTCAA	TTTGGAAGTCTTGAATTTTAGAGATGGATTATCTTGCATGCCAGAGCGCTGGAATGGAATAAAATGATGGCAGAAGTACAAACCAGATTTAGAGAATTGA
ENST00000374206	9	C	AAATTGAGATGAACGATTAT	TGG	-	2/2	142	113267298	CAGTGATGGAGAAGGAGCCATTGGGCTTAGCAGTGATCCCAAGAGCCGGGAACAAATGATCAATGATCGGATTGGTTATAAACCCCAACCCAAGCCCAAT	AATCGTTCATCTCAATTTGGAAGTCTTGAATTTTAGAGATGGATTATCTTGCATGCCAGAGCGCTGGAATGGAATAAAATGATGGCAGAAGTACAAACCA
ENST00000219473	16	C	GGGTTTACAGCAGGTCCACT	CGG	-	14/14	175	84779070	GCTGCGCATCGATGACCAGACAGTCAAGGTGATCAACCAGTACCAGGTGGTGAAACCAACTGCTGAACGCACAGCCTACCTCCTGTATTACCGCCGAGTG	GACCTGCTGTAAACCCTGTGTGCGCTGTGTGTGCGCCCAGTGCCCGCTTCGTAGGACACCACCTCACACTCACTTCCCGCCTCTCTTTAGTGGCTCTTTA
ENST00000219473	16	C	TTTACAGCAGGTCCACTCGG	CGG	-	14/14	172	84779067	CTGGCTGCGCATCGATGACCAGACAGTCAAGGTGATCAACCAGTACCAGGTGGTGAAACCAACTGCTGAACGCACAGCCTACCTCCTGTATTACCGCCGA	GTGGACCTGCTGTAAACCCTGTGTGCGCTGTGTGTGCGCCCAGTGCCCGCTTCGTAGGACACCACCTCACACTCACTTCCCGCCTCTCTTTAGTGGCTCT
ENST00000634702	2	N	GTCCACCAGACTTTTTGCAG	GGG	-	1/30	19	101698100	CACAGAGCGACAGAGACATTTATTGTTATTTGTTTTTTGGTGGCAAAAAGGGAAAATGGCGAACGACTCCCCT	GCAAAAAGTCTGGTGGACATCGACCTCTCCTCCCTGCGGGTGAGTGGGCCCGCGAGCGGGCGCGCGGGGAGCGGGCAGCCGGCAGCCGGCAGCCGGGGCC
ENST00000634702	2	N	TGTCCACCAGACTTTTTGCA	GGG	-	1/30	20	101698101	CACAGAGCGACAGAGACATTTATTGTTATTTGTTTTTTGGTGGCAAAAAGGGAAAATGGCGAACGACTCCCCTGCA	AAAAGTCTGGTGGACATCGACCTCTCCTCCCTGCGGGTGAGTGGGCCCGCGAGCGGGCGCGCGGGGAGCGGGCAGCCGGCAGCCGGCAGCCGGGGCCGCG
ENST00000353703	20	C	GACGAAGGAGACGCTGGGGA	GGG	+	5/5	41	44906423	CACTTACCTAGGGAACTTTTAGTAGCCCTGCTTTGATTATACTTCCTTTCTCTTGCAGCTGTGGACATCGGAAAACCAGGGAGACGAAGGAGACGCTGGG	GAGGGAGAGAACTAATGTTTCTCGTGCTTTGTGATCTGTTCAGTGTCACTCTGTACCCTCAACATATATCCCTTGTGCGATAAAAAAAAAAAAAAAAAAA
ENST00000353703	20	C	AGACGAAGGAGACGCTGGGG	AGG	+	5/5	40	44906422	GGCCACTTACCTAGGGAACTTTTAGTAGCCCTGCTTTGATTATACTTCCTTTCTCTTGCAGCTGTGGACATCGGAAAACCAGGGAGACGAAGGAGACGCT	GGGGAGGGAGAGAACTAATGTTTCTCGTGCTTTGTGATCTGTTCAGTGTCACTCTGTACCCTCAACATATATCCCTTGTGCGATAAAAAAAAAAAAAAAA
ENST00000378954	2	N	TCGGTACAAGATGGCGGAGG	GGG	+	1/13	7	38377254	AATCGGTACAAGATGGCG	GAGGGGGACGAGGCAGCGCGAGGGCAGCAACCGCACCAGGGGCTGTGGCGCCGGCGACGGACCAGCGACCCAAGCGCCGCGGTTAACCACGTCTCGTCCA
ENST00000378954	2	N	CAAGATGGCGGAGGGGGACG	AGG	+	1/13	13	38377248	AATCGGTACAAGATGGCGGAGGGG	GACGAGGCAGCGCGAGGGCAGCAACCGCACCAGGGGCTGTGGCGCCGGCGACGGACCAGCGACCCAAGCGCCGCGGTTAACCACGTCTCGTCCACGACCT
ENST00000216297	14	C	CTGCACCCCCCAAGAAAAAG	AGG	+	26/26	134	21352685	ACAAAGTCGAAGTATGAGCCGGAAGAGGAAGGCATCTGTGCACAGTTCGGGCCGTGGCTCTAACCGTGGTTCCAGACACAGCTCTGCACCCCCCAAGAAA	AAGAGGAAGTAACTTCTGAACTTTGGCCCTGAGCTCCATTCTTCCTCCAGCCAACCCCTGAAAATTTTACATGACATAGAAACTGTATTTTTCCTTTCGT
ENST00000216297	14	C	AAGTTACTTCCTCTTTTTCT	TGG	-	26/26	132	21352687	AGAACAAAGTCGAAGTATGAGCCGGAAGAGGAAGGCATCTGTGCACAGTTCGGGCCGTGGCTCTAACCGTGGTTCCAGACACAGCTCTGCACCCCCCAAG	AAAAAGAGGAAGTAACTTCTGAACTTTGGCCCTGAGCTCCATTCTTCCTCCAGCCAACCCCTGAAAATTTTACATGACATAGAAACTGTATTTTTCCTTT
ENST00000258729	7	N	ACAATGAACAAACTGTATAT	CGG	+	1/15	14	23470097	AACCAGCTGGATCCATCCATCACCGTGGGTGGTTTTAATTTTTCGTTTTTTCTCGTTATTTTTTTTTAAACAACCACTCTTCACAATGAACAAACTGTAT	ATCGGAAACCTCAGCGAGAACGCCGCCCCCTCGGACCTAGAAAGTATCTTCAAGGACGCCAAGATCCCGGTGTCGGGACCCTTCCTGGTGAAGACTGGCT
ENST00000258729	7	N	AGGGGGCGGCGTTCTCGCTG	AGG	-	1/15	29	23470082	TCCATCACCGTGGGTGGTTTTAATTTTTCGTTTTTTCTCGTTATTTTTTTTTAAACAACCACTCTTCACAATGAACAAACTGTATATCGGAAACCTCAGC	GAGAACGCCGCCCCCTCGGACCTAGAAAGTATCTTCAAGGACGCCAAGATCCCGGTGTCGGGACCCTTCCTGGTGAAGACTGGCTACGCGTTCGTGGACT
ENST00000302182	17	N	ATCTTCGTGAAAACCCTTAC	CGG	+	1/1	23	16381931	AATATTAGGTGTAAAAGCAAGAAATACAATGATCCTGAGGTGACACGCTTATGTTTTACTTTTAAACTAGGTCAAAATGCAGATCTTCGTGAAAACCCTT	ACCGGCAAGACCATCACCCTTGAGGTGGAGCCCAGTGACACCATCGAAAATGTGAAGGCCAAGATCCAGGATAAGGAAGGCATTCCCCCCGACCAGCAGA
ENST00000302182	17	N	GGTGATGGTCTTGCCGGTAA	GGG	-	1/1	25	16381933	AATATTAGGTGTAAAAGCAAGAAATACAATGATCCTGAGGTGACACGCTTATGTTTTACTTTTAAACTAGGTCAAAATGCAGATCTTCGTGAAAACCCTT	ACCGGCAAGACCATCACCCTTGAGGTGGAGCCCAGTGACACCATCGAAAATGTGAAGGCCAAGATCCAGGATAAGGAAGGCATTCCCCCCGACCAGCAGA
ENST00000485972	7	C	CTCCGACTTCTGTCCGCCCT	AGG	+	12/12	82	151054014	TCCTTTCCCCCATCTCCAGAACCTTCTGAAGTGTAACCCTGTCCAGCGTATCTCAGCAGAAGAGGCCCTGCAGCACCCCTACTTCTCCGACTTCTGTCCG	CCCTAGGCCCCGGGACCCCCGGCCTCCAGGCTGGGGCCTGGCCTATTTAAGCCCCCTCTTGAGAGGGGTGAGACAGTGGGGGTGCCTGGTGCGCTGTGCT
ENST00000485972	7	C	GGCCTAGGGCGGACAGAAGT	CGG	-	12/12	73	151054023	CCTGCCACCTCCTTTCCCCCATCTCCAGAACCTTCTGAAGTGTAACCCTGTCCAGCGTATCTCAGCAGAAGAGGCCCTGCAGCACCCCTACTTCTCCGAC	TTCTGTCCGCCCTAGGCCCCGGGACCCCCGGCCTCCAGGCTGGGGCCTGGCCTATTTAAGCCCCCTCTTGAGAGGGGTGAGACAGTGGGGGTGCCTGGTG
ENST00000314400	3	C	GATGATATTTTTGCTTTAAT	GGG	+	9/9	456	113005549	TGAAAATGAAACTGATTCGTGGACGGTGATGCAAATAAATAAAAACAGTACATCAGGAACCATTAAGGAGACAGATGACATTGATGATATTTTTGCTTTA	ATGGGAGTTTAGATGTTCGTTCATATGTGAGACTTTTAAGTGATTAACAAGGCTAGTTCAGTGTTCTAAGTAGAACTGCTAAGATCTGGAAGTACCACCT
ENST00000314400	3	C	TGATGATATTTTTGCTTTAA	TGG	+	9/9	455	113005550	CCATGAAAATGAAACTGATTCGTGGACGGTGATGCAAATAAATAAAAACAGTACATCAGGAACCATTAAGGAGACAGATGACATTGATGATATTTTTGCT	TTAATGGGAGTTTAGATGTTCGTTCATATGTGAGACTTTTAAGTGATTAACAAGGCTAGTTCAGTGTTCTAAGTAGAACTGCTAAGATCTGGAAGTACCA
ENST00000374518	10	C	GTCCAAAGGCTCACTGCAAT	TGG	-	22/22	224	42831090	GAAGCGGCAGAAGGACCTCAGGAAGAAGCTCTTCAGAATTCAGGGGCAGAAGGAAAGAAGAAACCAGAAGTCCAGTTTGAAGGGGGCTGAGGGCCAATTG	CAGTGAGCCTTTGGACTGGAGGGACTGTCCCTGGATCTGCGGAGGTAGACAGTTTCAAACATCACAGTTTGAATGCCTGTGAATGACAAGTCAGTGGGAA
ENST00000374518	10	C	TCCAGTTTGAAGGGGGCTGA	GGG	+	22/22	212	42831078	GGAGGAGAAGCTGAAGCGGCAGAAGGACCTCAGGAAGAAGCTCTTCAGAATTCAGGGGCAGAAGGAAAGAAGAAACCAGAAGTCCAGTTTGAAGGGGGCT	GAGGGCCAATTGCAGTGAGCCTTTGGACTGGAGGGACTGTCCCTGGATCTGCGGAGGTAGACAGTTTCAAACATCACAGTTTGAATGCCTGTGAATGACA
ENST00000394456	19	C	CACTTCTCCCTCAAGGAGTG	AGG	+	13/13	201	6380285	GAGCAGCGAGCAGACAGTGAACGTGTTGGCCCAGATCCTCAAGCGACTCAACCCCGAGCGCAAGATGATCAACGACAAAATGCACTTCTCCCTCAAGGAG	TGAGGCTTGGTCCAATACATGGCTCTGCCCCCCAGAACTTAAGGCTCTCACTGCCCCTTCGCCATCCTAGAGTGAGGCTCTGTCCAATACATGGCTCTGC
ENST00000394456	19	C	GGACCAAGCCTCACTCCTTG	AGG	-	13/13	198	6380288	GCTGAGCAGCGAGCAGACAGTGAACGTGTTGGCCCAGATCCTCAAGCGACTCAACCCCGAGCGCAAGATGATCAACGACAAAATGCACTTCTCCCTCAAG	GAGTGAGGCTTGGTCCAATACATGGCTCTGCCCCCCAGAACTTAAGGCTCTCACTGCCCCTTCGCCATCCTAGAGTGAGGCTCTGTCCAATACATGGCTC
ENST00000217958	X	C	ATACTCAAGAGAATGGTGGA	AGG	+	5/5	144	108084984	GGTGTCCCAAGGAGCAAGTATTTACATTGAGAATAAAGAAGAAAAGACACCCCTGCAAGTGGCCAAAGGTGGCCTGGGTTTAATACTCAAGAGAATGGTG	GAAGGTTAAACAGCTTGGATTTATTCTTACTTTGTATGTTGTGTTGTTGTCCCCAGTGTCCTACAAACTAATGTATTTGTGCACAAGACATCATCTATGA
ENST00000217958	X	C	TTTAATACTCAAGAGAATGG	TGG	+	5/5	140	108084988	ACTGCTGGTGTCCCAAGGAGCAAGTATTTACATTGAGAATAAAGAAGAAAAGACACCCCTGCAAGTGGCCAAAGGTGGCCTGGGTTTAATACTCAAGAGA	ATGGTGGAAGGTTAAACAGCTTGGATTTATTCTTACTTTGTATGTTGTGTTGTTGTCCCCAGTGTCCTACAAACTAATGTATTTGTGCACAAGACATCAT
ENST00000553116	12	N	AGCTGTGCTTCTGCTAGTCA	TGG	-	1/5	4	55986965	TGCAGGAGTGTTGAAGCCTGGAAATCCCCTCCCCTTCCCCCTCCCCCCTTTACAGTATCCCCCTCCCTCCACCCTTTCCCATTCTGATAATCTGGCCATG	ACTAGCAGAAGCACAGCTAGGCCCAATGGGCAACCCCAGGCCAGCAAAATTTGCCAGTTCAAATTGGTCCTGCTGGGAGAATCTGCAGTGGGAAAGTCAA
ENST00000553116	12	N	TGACTAGCAGAAGCACAGCT	AGG	+	1/5	18	55986979	GCCTGGAAATCCCCTCCCCTTCCCCCTCCCCCCTTTACAGTATCCCCCTCCCTCCACCCTTTCCCATTCTGATAATCTGGCCATGACTAGCAGAAGCACA	GCTAGGCCCAATGGGCAACCCCAGGCCAGCAAAATTTGCCAGTTCAAATTGGTCCTGCTGGGAGAATCTGCAGTGGGAAAGTCAAGCCTGGTATTACGTT
ENST00000361564	4	N	CGAGCACTAAGAACGGGACA	CGG	-	1/4	20	108650676	CTGTTTCCGGGAGGCGCGTGGGGCTTGAGGCCGAGAACGGCCCTTGCTGCCACCAACATGGAGACTTTGTACCGTGTC	CCGTTCTTAGTGCTCGAATGTCCCAACCTGAAGCTGAAGAAGCCGCCCTGGTTGCACATGCCGTCGGCCATGACTGTGTATGCTCTGGTGGTGGTGTCTT
ENST00000361564	4	N	GACATTCGAGCACTAAGAAC	GGG	-	1/4	26	108650682	CTGTTTCCGGGAGGCGCGTGGGGCTTGAGGCCGAGAACGGCCCTTGCTGCCACCAACATGGAGACTTTGTACCGTGTCCCGTTC	TTAGTGCTCGAATGTCCCAACCTGAAGCTGAAGAAGCCGCCCTGGTTGCACATGCCGTCGGCCATGACTGTGTATGCTCTGGTGGTGGTGTCTTACTTCC
ENST00000345046	X	C	TGGACAAGAAGGAAGAGTAA	GGG	+	7/7	36	153700940	GGAGGTGGCAGGGGAGGAGTGGACCCGGCCAACCTACTGCTGTGGGATTTCTGTCCCTTTCCAGGCTGCAGTAGATGGTCCCATGGACAAGAAGGAAGAG	TAAGGGCCTCCTTCCTCCCCTGCCTGCAGCTGGCTTCCACCTGGCACGTGCCTGCTGCTTCCTGAGAGCCCGGCCTCTCCCTCCAGTACTTCTGTTTGTG
ENST00000345046	X	C	ATGGACAAGAAGGAAGAGTA	AGG	+	7/7	35	153700941	GGAGGTGGCAGGGGAGGAGTGGACCCGGCCAACCTACTGCTGTGGGATTTCTGTCCCTTTCCAGGCTGCAGTAGATGGTCCCATGGACAAGAAGGAAGAG	TAAGGGCCTCCTTCCTCCCCTGCCTGCAGCTGGCTTCCACCTGGCACGTGCCTGCTGCTTCCTGAGAGCCCGGCCTCTCCCTCCAGTACTTCTGTTTGTG
ENST00000345519	9	N	GAACGGATCCAGCTCAGCCA	TGG	-	1/5	4	36191061	CCCAGTCGGCACCACAGCGGTGGCTGCCGGGCGTGGTGTCGGTGGGTCGGTTGGTTTTTGTCTCACCGTTGGTGTCCGTGCCGTTCAGTTGCCCGCCATG	GCTGAGCTGGATCCGTTCGGCGCCCCTGCCGGCGCCCCTGGCGGTCCCGCGCTGGGGAACGGAGTGGCCGGCGCCGGCGAAGAAGACCCGGCTGCGGCCT
ENST00000345519	9	N	GTTGCCCGCCATGGCTGAGC	TGG	+	1/5	7	36191064	AGTCGGCACCACAGCGGTGGCTGCCGGGCGTGGTGTCGGTGGGTCGGTTGGTTTTTGTCTCACCGTTGGTGTCCGTGCCGTTCAGTTGCCCGCCATGGCT	GAGCTGGATCCGTTCGGCGCCCCTGCCGGCGCCCCTGGCGGTCCCGCGCTGGGGAACGGAGTGGCCGGCGCCGGCGAAGAAGACCCGGCTGCGGCCTTCT
